book_name,book_description,book_author,category_name,book_image,book_cost,book_dislikes
Frontier of Mars,"In a future shaped by first contact, Frontier of Mars follows a small crew navigating Mars while questioning what remains of humanity.",Betty Kobayashi,Sci-Fi,https://placehold.co/400x600/1b2a4a/ffffff.png?text=Frontier%20of%20Mars&font=roboto,374,0
Last Horizon,"In a future shaped by a collapsing empire, Last Horizon follows a small crew navigating Mars while questioning what remains of humanity.",Daniel Marlow,Sci-Fi,https://placehold.co/400x600/1b2a4a/ffffff.png?text=Last%20Horizon&font=roboto,433,0
Ascension of the Last Station,"In a future shaped by first contact, Ascension of the Last Station follows a small crew navigating the Last Station while questioning what remains of humanity.",Susan Foster,Sci-Fi,https://placehold.co/400x600/1b2a4a/ffffff.png?text=Ascension%20of%20the%20Last%20Station&font=roboto,248,0
The Voyager of a Dying Sun,"In a future shaped by a rogue AI, The Voyager of a Dying Sun follows a small crew navigating a Dying Sun while questioning what remains of humanity.",Jennifer Osei,Sci-Fi,https://placehold.co/400x600/1b2a4a/ffffff.png?text=The%20Voyager%20of%20a%20Dying%20Sun&font=roboto,276,0
Silent Reactor,"In a future shaped by interstellar conflict, Silent Reactor follows a small crew navigating a Dying Sun while questioning what remains of humanity.",Edward Andersen,Sci-Fi,https://placehold.co/400x600/1b2a4a/ffffff.png?text=Silent%20Reactor&font=roboto,870,0
The Distant Drift,"In a future shaped by interstellar conflict, The Distant Drift follows a small crew navigating the Void while questioning what remains of humanity.",Donna Foster,Sci-Fi,https://placehold.co/400x600/1b2a4a/ffffff.png?text=The%20Distant%20Drift&font=roboto,252,0
Crimson Protocol,"In a future shaped by a collapsing empire, Crimson Protocol follows a small crew navigating the Last Station while questioning what remains of humanity.",Daniel Blackwood,Sci-Fi,https://placehold.co/400x600/1b2a4a/ffffff.png?text=Crimson%20Protocol&font=roboto,363,0
The Code of the Outer Rim,"In a future shaped by interstellar conflict, The Code of the Outer Rim follows a small crew navigating the Outer Rim while questioning what remains of humanity.",Nancy Kobayashi,Sci-Fi,https://placehold.co/400x600/1b2a4a/ffffff.png?text=The%20Code%20of%20the%20Outer%20Rim&font=roboto,316,0
Hollow Horizon,"In a future shaped by unchecked technology, Hollow Horizon follows a small crew navigating a Forgotten Moon while questioning what remains of humanity.",Donald Callahan,Sci-Fi,https://placehold.co/400x600/1b2a4a/ffffff.png?text=Hollow%20Horizon&font=roboto,383,0
The Orbital Voyager,"In a future shaped by interstellar conflict, The Orbital Voyager follows a small crew navigating Andromeda while questioning what remains of humanity.",Andrew Reed,Sci-Fi,https://placehold.co/400x600/1b2a4a/ffffff.png?text=The%20Orbital%20Voyager&font=roboto,729,0
The Drift of the Ninth Colony,"In a future shaped by interstellar conflict, The Drift of the Ninth Colony follows a small crew navigating the Ninth Colony while questioning what remains of humanity.",Priya Osei,Sci-Fi,https://placehold.co/400x600/1b2a4a/ffffff.png?text=The%20Drift%20of%20the%20Ninth%20Colony&font=roboto,420,0
Circuit of a Forgotten Moon,"In a future shaped by a rogue AI, Circuit of a Forgotten Moon follows a small crew navigating a Forgotten Moon while questioning what remains of humanity.",Freya Harrow,Sci-Fi,https://placehold.co/400x600/1b2a4a/ffffff.png?text=Circuit%20of%20a%20Forgotten%20Moon&font=roboto,587,0
Frozen Machine,"In a future shaped by unchecked technology, Frozen Machine follows a small crew navigating Europa while questioning what remains of humanity.",Lucas Iyer,Sci-Fi,https://placehold.co/400x600/1b2a4a/ffffff.png?text=Frozen%20Machine&font=roboto,197,0
The Quantum Drift,"In a future shaped by unchecked technology, The Quantum Drift follows a small crew navigating Europa while questioning what remains of humanity.",Ananya Rossi,Sci-Fi,https://placehold.co/400x600/1b2a4a/ffffff.png?text=The%20Quantum%20Drift&font=roboto,543,0
Last Protocol,"In a future shaped by unchecked technology, Last Protocol follows a small crew navigating a Forgotten Moon while questioning what remains of humanity.",Paul Petrov,Sci-Fi,https://placehold.co/400x600/1b2a4a/ffffff.png?text=Last%20Protocol&font=roboto,845,0
The Rogue Code,"In a future shaped by unchecked technology, The Rogue Code follows a small crew navigating a Forgotten Moon while questioning what remains of humanity.",Andrew Merrick,Sci-Fi,https://placehold.co/400x600/1b2a4a/ffffff.png?text=The%20Rogue%20Code&font=roboto,449,0
Quantum Protocol,"In a future shaped by interstellar conflict, Quantum Protocol follows a small crew navigating Mars while questioning what remains of humanity.",Kimberly Kapoor,Sci-Fi,https://placehold.co/400x600/1b2a4a/ffffff.png?text=Quantum%20Protocol&font=roboto,668,0
The Dying Drift,"In a future shaped by interstellar conflict, The Dying Drift follows a small crew navigating a Dying Sun while questioning what remains of humanity.",Sofia Rossi,Sci-Fi,https://placehold.co/400x600/1b2a4a/ffffff.png?text=The%20Dying%20Drift&font=roboto,305,0
The Colony of a Forgotten Moon,"In a future shaped by a rogue AI, The Colony of a Forgotten Moon follows a small crew navigating a Forgotten Moon while questioning what remains of humanity.",Noah Carter,Sci-Fi,https://placehold.co/400x600/1b2a4a/ffffff.png?text=The%20Colony%20of%20a%20Forgotten%20Moon&font=roboto,480,0
Distant Signal,"In a future shaped by unchecked technology, Distant Signal follows a small crew navigating the Last Station while questioning what remains of humanity.",Michelle Sutton,Sci-Fi,https://placehold.co/400x600/1b2a4a/ffffff.png?text=Distant%20Signal&font=roboto,395,0
The Silent Circuit,"In a future shaped by interstellar conflict, The Silent Circuit follows a small crew navigating the Ninth Colony while questioning what remains of humanity.",David Kobayashi,Sci-Fi,https://placehold.co/400x600/1b2a4a/ffffff.png?text=The%20Silent%20Circuit&font=roboto,280,0
Broken Colony,"In a future shaped by first contact, Broken Colony follows a small crew navigating a Dying Sun while questioning what remains of humanity.",Noah Rossi,Sci-Fi,https://placehold.co/400x600/1b2a4a/ffffff.png?text=Broken%20Colony&font=roboto,365,0
Horizon of Andromeda,"In a future shaped by a rogue AI, Horizon of Andromeda follows a small crew navigating Andromeda while questioning what remains of humanity.",Deborah Delacroix,Sci-Fi,https://placehold.co/400x600/1b2a4a/ffffff.png?text=Horizon%20of%20Andromeda&font=roboto,611,0
The Forgotten Machine,"In a future shaped by a rogue AI, The Forgotten Machine follows a small crew navigating the Outer Rim while questioning what remains of humanity.",Amanda Bennett,Sci-Fi,https://placehold.co/400x600/1b2a4a/ffffff.png?text=The%20Forgotten%20Machine&font=roboto,716,0
Machine of Mars,"In a future shaped by interstellar conflict, Machine of Mars follows a small crew navigating Mars while questioning what remains of humanity.",Elizabeth Morgan,Sci-Fi,https://placehold.co/400x600/1b2a4a/ffffff.png?text=Machine%20of%20Mars&font=roboto,218,0
The Dying Voyager,"In a future shaped by a collapsing empire, The Dying Voyager follows a small crew navigating the Outer Rim while questioning what remains of humanity.",Lucas Sutton,Sci-Fi,https://placehold.co/400x600/1b2a4a/ffffff.png?text=The%20Dying%20Voyager&font=roboto,834,0
Forgotten Reactor,"In a future shaped by first contact, Forgotten Reactor follows a small crew navigating Europa while questioning what remains of humanity.",Yuki Sutton,Sci-Fi,https://placehold.co/400x600/1b2a4a/ffffff.png?text=Forgotten%20Reactor&font=roboto,565,0
Signal of Andromeda,"In a future shaped by first contact, Signal of Andromeda follows a small crew navigating Andromeda while questioning what remains of humanity.",Melissa Marlow,Sci-Fi,https://placehold.co/400x600/1b2a4a/ffffff.png?text=Signal%20of%20Andromeda&font=roboto,627,0
The Rogue Drift,"In a future shaped by a collapsing empire, The Rogue Drift follows a small crew navigating the Outer Rim while questioning what remains of humanity.",Linda Hartley,Sci-Fi,https://placehold.co/400x600/1b2a4a/ffffff.png?text=The%20Rogue%20Drift&font=roboto,260,0
Machine of a Forgotten Moon,"In a future shaped by first contact, Machine of a Forgotten Moon follows a small crew navigating a Forgotten Moon while questioning what remains of humanity.",Rahul Sinclair,Sci-Fi,https://placehold.co/400x600/1b2a4a/ffffff.png?text=Machine%20of%20a%20Forgotten%20Moon&font=roboto,336,0
The Machine of the Outer Rim,"In a future shaped by unchecked technology, The Machine of the Outer Rim follows a small crew navigating the Outer Rim while questioning what remains of humanity.",Meera Petrov,Sci-Fi,https://placehold.co/400x600/1b2a4a/ffffff.png?text=The%20Machine%20of%20the%20Outer%20Rim&font=roboto,200,0
The Silent Code,"In a future shaped by first contact, The Silent Code follows a small crew navigating the Void while questioning what remains of humanity.",Nancy Kensington,Sci-Fi,https://placehold.co/400x600/1b2a4a/ffffff.png?text=The%20Silent%20Code&font=roboto,641,0
Nebula of Mars,"In a future shaped by unchecked technology, Nebula of Mars follows a small crew navigating Mars while questioning what remains of humanity.",Nancy Winters,Sci-Fi,https://placehold.co/400x600/1b2a4a/ffffff.png?text=Nebula%20of%20Mars&font=roboto,548,0
The Ascension of the Ninth Colony,"In a future shaped by a rogue AI, The Ascension of the Ninth Colony follows a small crew navigating the Ninth Colony while questioning what remains of humanity.",Joshua Marlow,Sci-Fi,https://placehold.co/400x600/1b2a4a/ffffff.png?text=The%20Ascension%20of%20the%20Ninth%20Colony&font=roboto,826,0
Quantum Machine,"In a future shaped by a rogue AI, Quantum Machine follows a small crew navigating a Dying Sun while questioning what remains of humanity.",Margaret Morgan,Sci-Fi,https://placehold.co/400x600/1b2a4a/ffffff.png?text=Quantum%20Machine&font=roboto,704,0
The Synthetic Voyager,"In a future shaped by first contact, The Synthetic Voyager follows a small crew navigating Mars while questioning what remains of humanity.",Michael Moreau,Sci-Fi,https://placehold.co/400x600/1b2a4a/ffffff.png?text=The%20Synthetic%20Voyager&font=roboto,663,0
Reactor of the Outer Rim,"In a future shaped by a rogue AI, Reactor of the Outer Rim follows a small crew navigating the Outer Rim while questioning what remains of humanity.",Lisa Reed,Sci-Fi,https://placehold.co/400x600/1b2a4a/ffffff.png?text=Reactor%20of%20the%20Outer%20Rim&font=roboto,218,0
Signal of the Void,"In a future shaped by unchecked technology, Signal of the Void follows a small crew navigating the Void while questioning what remains of humanity.",Jennifer O'Connell,Sci-Fi,https://placehold.co/400x600/1b2a4a/ffffff.png?text=Signal%20of%20the%20Void&font=roboto,578,0
The Horizon of the Void,"In a future shaped by a collapsing empire, The Horizon of the Void follows a small crew navigating the Void while questioning what remains of humanity.",Kevin Sutton,Sci-Fi,https://placehold.co/400x600/1b2a4a/ffffff.png?text=The%20Horizon%20of%20the%20Void&font=roboto,554,0
Drift of a Dying Sun,"In a future shaped by unchecked technology, Drift of a Dying Sun follows a small crew navigating a Dying Sun while questioning what remains of humanity.",Divya Callahan,Sci-Fi,https://placehold.co/400x600/1b2a4a/ffffff.png?text=Drift%20of%20a%20Dying%20Sun&font=roboto,158,0
Last Frontier,"In a future shaped by interstellar conflict, Last Frontier follows a small crew navigating the Outer Rim while questioning what remains of humanity.",Elizabeth Kobayashi,Sci-Fi,https://placehold.co/400x600/1b2a4a/ffffff.png?text=Last%20Frontier&font=roboto,667,0
The Code of the Last Station,"In a future shaped by a collapsing empire, The Code of the Last Station follows a small crew navigating the Last Station while questioning what remains of humanity.",David Sutton,Sci-Fi,https://placehold.co/400x600/1b2a4a/ffffff.png?text=The%20Code%20of%20the%20Last%20Station&font=roboto,440,0
Vessel of a Forgotten Moon,"In a future shaped by a rogue AI, Vessel of a Forgotten Moon follows a small crew navigating a Forgotten Moon while questioning what remains of humanity.",Kenneth O'Connell,Sci-Fi,https://placehold.co/400x600/1b2a4a/ffffff.png?text=Vessel%20of%20a%20Forgotten%20Moon&font=roboto,157,0
The Drift of the Outer Rim,"In a future shaped by unchecked technology, The Drift of the Outer Rim follows a small crew navigating the Outer Rim while questioning what remains of humanity.",Sarah Harrow,Sci-Fi,https://placehold.co/400x600/1b2a4a/ffffff.png?text=The%20Drift%20of%20the%20Outer%20Rim&font=roboto,258,0
Horizon of the Void,"In a future shaped by a collapsing empire, Horizon of the Void follows a small crew navigating the Void while questioning what remains of humanity.",Amanda Pierce,Sci-Fi,https://placehold.co/400x600/1b2a4a/ffffff.png?text=Horizon%20of%20the%20Void&font=roboto,666,0
Crimson Code,"In a future shaped by a collapsing empire, Crimson Code follows a small crew navigating Mars while questioning what remains of humanity.",Barbara Marlow,Sci-Fi,https://placehold.co/400x600/1b2a4a/ffffff.png?text=Crimson%20Code&font=roboto,194,0
The Frozen Ascension,"In a future shaped by first contact, The Frozen Ascension follows a small crew navigating Europa while questioning what remains of humanity.",Kimberly Ellison,Sci-Fi,https://placehold.co/400x600/1b2a4a/ffffff.png?text=The%20Frozen%20Ascension&font=roboto,713,0
Broken Star,"In a future shaped by a rogue AI, Broken Star follows a small crew navigating the Outer Rim while questioning what remains of humanity.",Elizabeth Whitfield,Sci-Fi,https://placehold.co/400x600/1b2a4a/ffffff.png?text=Broken%20Star&font=roboto,185,0
The Reactor of Europa,"In a future shaped by unchecked technology, The Reactor of Europa follows a small crew navigating Europa while questioning what remains of humanity.",Vikram Sinclair,Sci-Fi,https://placehold.co/400x600/1b2a4a/ffffff.png?text=The%20Reactor%20of%20Europa&font=roboto,464,0
The Code of Mars,"In a future shaped by interstellar conflict, The Code of Mars follows a small crew navigating Mars while questioning what remains of humanity.",Melissa Pierce,Sci-Fi,https://placehold.co/400x600/1b2a4a/ffffff.png?text=The%20Code%20of%20Mars&font=roboto,831,0
Last Circuit,"In a future shaped by interstellar conflict, Last Circuit follows a small crew navigating Europa while questioning what remains of humanity.",Steven Ellison,Sci-Fi,https://placehold.co/400x600/1b2a4a/ffffff.png?text=Last%20Circuit&font=roboto,571,0
The Quantum Circuit,"In a future shaped by a collapsing empire, The Quantum Circuit follows a small crew navigating the Last Station while questioning what remains of humanity.",Kavya Sutton,Sci-Fi,https://placehold.co/400x600/1b2a4a/ffffff.png?text=The%20Quantum%20Circuit&font=roboto,312,0
The Hollow Vessel,"In a future shaped by interstellar conflict, The Hollow Vessel follows a small crew navigating Mars while questioning what remains of humanity.",Yuki Lockhart,Sci-Fi,https://placehold.co/400x600/1b2a4a/ffffff.png?text=The%20Hollow%20Vessel&font=roboto,620,0
The Vessel of the Void,"In a future shaped by interstellar conflict, The Vessel of the Void follows a small crew navigating the Void while questioning what remains of humanity.",Donald Bennett,Sci-Fi,https://placehold.co/400x600/1b2a4a/ffffff.png?text=The%20Vessel%20of%20the%20Void&font=roboto,557,0
The Vessel of the Outer Rim,"In a future shaped by a rogue AI, The Vessel of the Outer Rim follows a small crew navigating the Outer Rim while questioning what remains of humanity.",Emily Thorne,Sci-Fi,https://placehold.co/400x600/1b2a4a/ffffff.png?text=The%20Vessel%20of%20the%20Outer%20Rim&font=roboto,558,0
The Signal of a Dying Sun,"In a future shaped by a collapsing empire, The Signal of a Dying Sun follows a small crew navigating a Dying Sun while questioning what remains of humanity.",Matthew Moreau,Sci-Fi,https://placehold.co/400x600/1b2a4a/ffffff.png?text=The%20Signal%20of%20a%20Dying%20Sun&font=roboto,188,0
The Last Nebula,"In a future shaped by a rogue AI, The Last Nebula follows a small crew navigating the Last Station while questioning what remains of humanity.",Kevin Marlow,Sci-Fi,https://placehold.co/400x600/1b2a4a/ffffff.png?text=The%20Last%20Nebula&font=roboto,672,0
The Hollow Code,"In a future shaped by first contact, The Hollow Code follows a small crew navigating the Void while questioning what remains of humanity.",Paul Hayes,Sci-Fi,https://placehold.co/400x600/1b2a4a/ffffff.png?text=The%20Hollow%20Code&font=roboto,150,0
Nebula of the Outer Rim,"In a future shaped by a collapsing empire, Nebula of the Outer Rim follows a small crew navigating the Outer Rim while questioning what remains of humanity.",Brian O'Connell,Sci-Fi,https://placehold.co/400x600/1b2a4a/ffffff.png?text=Nebula%20of%20the%20Outer%20Rim&font=roboto,828,0
The Synthetic Code,"In a future shaped by first contact, The Synthetic Code follows a small crew navigating a Dying Sun while questioning what remains of humanity.",Sofia Ashford,Sci-Fi,https://placehold.co/400x600/1b2a4a/ffffff.png?text=The%20Synthetic%20Code&font=roboto,483,0
Synthetic Horizon,"In a future shaped by first contact, Synthetic Horizon follows a small crew navigating a Forgotten Moon while questioning what remains of humanity.",Thomas Doyle,Sci-Fi,https://placehold.co/400x600/1b2a4a/ffffff.png?text=Synthetic%20Horizon&font=roboto,829,0
Rogue Circuit,"In a future shaped by a rogue AI, Rogue Circuit follows a small crew navigating Europa while questioning what remains of humanity.",Kenneth Hartley,Sci-Fi,https://placehold.co/400x600/1b2a4a/ffffff.png?text=Rogue%20Circuit&font=roboto,149,0
The Machine of Andromeda,"In a future shaped by first contact, The Machine of Andromeda follows a small crew navigating Andromeda while questioning what remains of humanity.",Carol Osei,Sci-Fi,https://placehold.co/400x600/1b2a4a/ffffff.png?text=The%20Machine%20of%20Andromeda&font=roboto,601,0
Republic of Medieval Europe,"Drawing on newly examined archives, Republic of Medieval Europe traces the events of Medieval Europe, revealing how ordinary lives were shaped by decisions made in halls of power.",William Redwood,History,https://placehold.co/400x600/5b3a29/ffffff.png?text=Republic%20of%20Medieval%20Europe&font=roboto,676,0
The Siege of Colonial America,"Drawing on newly examined archives, The Siege of Colonial America traces the events of Colonial America, revealing how ordinary lives were shaped by decisions made in halls of power.",Donald Doyle,History,https://placehold.co/400x600/5b3a29/ffffff.png?text=The%20Siege%20of%20Colonial%20America&font=roboto,299,0
The Forgotten Siege,"Drawing on newly examined archives, The Forgotten Siege traces the events of Renaissance Florence, revealing how ordinary lives were shaped by decisions made in halls of power.",Elizabeth Osei,History,https://placehold.co/400x600/5b3a29/ffffff.png?text=The%20Forgotten%20Siege&font=roboto,573,0
Reckoning of the Pacific Theatre,"Drawing on newly examined archives, Reckoning of the Pacific Theatre traces the events of the Pacific Theatre, revealing how ordinary lives were shaped by decisions made in halls of power.",Mateo Hartley,History,https://placehold.co/400x600/5b3a29/ffffff.png?text=Reckoning%20of%20the%20Pacific%20Theatre&font=roboto,398,0
Reckoning of Ancient Rome,"Drawing on newly examined archives, Reckoning of Ancient Rome traces the events of Ancient Rome, revealing how ordinary lives were shaped by decisions made in halls of power.",Susan Marlow,History,https://placehold.co/400x600/5b3a29/ffffff.png?text=Reckoning%20of%20Ancient%20Rome&font=roboto,373,0
Frontier of Renaissance Florence,"Drawing on newly examined archives, Frontier of Renaissance Florence traces the events of Renaissance Florence, revealing how ordinary lives were shaped by decisions made in halls of power.",Michael Petrov,History,https://placehold.co/400x600/5b3a29/ffffff.png?text=Frontier%20of%20Renaissance%20Florence&font=roboto,404,0
The Lost Dynasty,"Drawing on newly examined archives, The Lost Dynasty traces the events of Renaissance Florence, revealing how ordinary lives were shaped by decisions made in halls of power.",Noah Petrov,History,https://placehold.co/400x600/5b3a29/ffffff.png?text=The%20Lost%20Dynasty&font=roboto,758,0
The Chronicle of the Pacific Theatre,"Drawing on newly examined archives, The Chronicle of the Pacific Theatre traces the events of the Pacific Theatre, revealing how ordinary lives were shaped by decisions made in halls of power.",Rahul Ellison,History,https://placehold.co/400x600/5b3a29/ffffff.png?text=The%20Chronicle%20of%20the%20Pacific%20Theatre&font=roboto,635,0
Turbulent Siege,"Drawing on newly examined archives, Turbulent Siege traces the events of Colonial America, revealing how ordinary lives were shaped by decisions made in halls of power.",Chiara Iyer,History,https://placehold.co/400x600/5b3a29/ffffff.png?text=Turbulent%20Siege&font=roboto,790,0
Republic of the Silk Road,"Drawing on newly examined archives, Republic of the Silk Road traces the events of the Silk Road, revealing how ordinary lives were shaped by decisions made in halls of power.",Joshua Sutton,History,https://placehold.co/400x600/5b3a29/ffffff.png?text=Republic%20of%20the%20Silk%20Road&font=roboto,427,0
The Frontier of the Silk Road,"Drawing on newly examined archives, The Frontier of the Silk Road traces the events of the Silk Road, revealing how ordinary lives were shaped by decisions made in halls of power.",Sarah Whitfield,History,https://placehold.co/400x600/5b3a29/ffffff.png?text=The%20Frontier%20of%20the%20Silk%20Road&font=roboto,385,0
Shattered Dynasty,"Drawing on newly examined archives, Shattered Dynasty traces the events of the Ottoman Court, revealing how ordinary lives were shaped by decisions made in halls of power.",David Kensington,History,https://placehold.co/400x600/5b3a29/ffffff.png?text=Shattered%20Dynasty&font=roboto,566,0
The Republic of the Pacific Theatre,"Drawing on newly examined archives, The Republic of the Pacific Theatre traces the events of the Pacific Theatre, revealing how ordinary lives were shaped by decisions made in halls of power.",Linda Pierce,History,https://placehold.co/400x600/5b3a29/ffffff.png?text=The%20Republic%20of%20the%20Pacific%20Theatre&font=roboto,579,0
Final Reckoning,"Drawing on newly examined archives, Final Reckoning traces the events of Ancient Rome, revealing how ordinary lives were shaped by decisions made in halls of power.",Ronald Sharma,History,https://placehold.co/400x600/5b3a29/ffffff.png?text=Final%20Reckoning&font=roboto,155,0
The Kingdom of the Pacific Theatre,"Drawing on newly examined archives, The Kingdom of the Pacific Theatre traces the events of the Pacific Theatre, revealing how ordinary lives were shaped by decisions made in halls of power.",Freya Kobayashi,History,https://placehold.co/400x600/5b3a29/ffffff.png?text=The%20Kingdom%20of%20the%20Pacific%20Theatre&font=roboto,766,0
Siege of Colonial America,"Drawing on newly examined archives, Siege of Colonial America traces the events of Colonial America, revealing how ordinary lives were shaped by decisions made in halls of power.",Vikram Iyer,History,https://placehold.co/400x600/5b3a29/ffffff.png?text=Siege%20of%20Colonial%20America&font=roboto,178,0
Ancient Legacy,"Drawing on newly examined archives, Ancient Legacy traces the events of the Pacific Theatre, revealing how ordinary lives were shaped by decisions made in halls of power.",Nancy Osei,History,https://placehold.co/400x600/5b3a29/ffffff.png?text=Ancient%20Legacy&font=roboto,279,0
The Vanished Chronicle,"Drawing on newly examined archives, The Vanished Chronicle traces the events of Ancient Rome, revealing how ordinary lives were shaped by decisions made in halls of power.",William Marlow,History,https://placehold.co/400x600/5b3a29/ffffff.png?text=The%20Vanished%20Chronicle&font=roboto,287,0
Hidden Empire,"Drawing on newly examined archives, Hidden Empire traces the events of Colonial America, revealing how ordinary lives were shaped by decisions made in halls of power.",Ronald Callahan,History,https://placehold.co/400x600/5b3a29/ffffff.png?text=Hidden%20Empire&font=roboto,365,0
Ancient Uprising,"Drawing on newly examined archives, Ancient Uprising traces the events of the Pacific Theatre, revealing how ordinary lives were shaped by decisions made in halls of power.",Emily Kensington,History,https://placehold.co/400x600/5b3a29/ffffff.png?text=Ancient%20Uprising&font=roboto,407,0
The Lost Empire,"Drawing on newly examined archives, The Lost Empire traces the events of Ancient Rome, revealing how ordinary lives were shaped by decisions made in halls of power.",George Lockhart,History,https://placehold.co/400x600/5b3a29/ffffff.png?text=The%20Lost%20Empire&font=roboto,814,0
The Golden Empire,"Drawing on newly examined archives, The Golden Empire traces the events of Ancient Rome, revealing how ordinary lives were shaped by decisions made in halls of power.",Ashley Doyle,History,https://placehold.co/400x600/5b3a29/ffffff.png?text=The%20Golden%20Empire&font=roboto,169,0
Dynasty of Renaissance Florence,"Drawing on newly examined archives, Dynasty of Renaissance Florence traces the events of Renaissance Florence, revealing how ordinary lives were shaped by decisions made in halls of power.",Joseph Andersen,History,https://placehold.co/400x600/5b3a29/ffffff.png?text=Dynasty%20of%20Renaissance%20Florence&font=roboto,372,0
Shattered Crossing,"Drawing on newly examined archives, Shattered Crossing traces the events of the Byzantine Empire, revealing how ordinary lives were shaped by decisions made in halls of power.",Nancy Rossi,History,https://placehold.co/400x600/5b3a29/ffffff.png?text=Shattered%20Crossing&font=roboto,770,0
The Hidden Crossing,"Drawing on newly examined archives, The Hidden Crossing traces the events of the Silk Road, revealing how ordinary lives were shaped by decisions made in halls of power.",Patricia Ashford,History,https://placehold.co/400x600/5b3a29/ffffff.png?text=The%20Hidden%20Crossing&font=roboto,738,0
Vanished Reckoning,"Drawing on newly examined archives, Vanished Reckoning traces the events of the Ottoman Court, revealing how ordinary lives were shaped by decisions made in halls of power.",Elizabeth Moreau,History,https://placehold.co/400x600/5b3a29/ffffff.png?text=Vanished%20Reckoning&font=roboto,856,0
Reckoning of Colonial America,"Drawing on newly examined archives, Reckoning of Colonial America traces the events of Colonial America, revealing how ordinary lives were shaped by decisions made in halls of power.",Jessica Andersen,History,https://placehold.co/400x600/5b3a29/ffffff.png?text=Reckoning%20of%20Colonial%20America&font=roboto,191,0
The Kingdom of the Byzantine Empire,"Drawing on newly examined archives, The Kingdom of the Byzantine Empire traces the events of the Byzantine Empire, revealing how ordinary lives were shaped by decisions made in halls of power.",David Kapoor,History,https://placehold.co/400x600/5b3a29/ffffff.png?text=The%20Kingdom%20of%20the%20Byzantine%20Empire&font=roboto,812,0
The Kingdom of Renaissance Florence,"Drawing on newly examined archives, The Kingdom of Renaissance Florence traces the events of Renaissance Florence, revealing how ordinary lives were shaped by decisions made in halls of power.",Susan Marlow,History,https://placehold.co/400x600/5b3a29/ffffff.png?text=The%20Kingdom%20of%20Renaissance%20Florence&font=roboto,519,0
Frontier of Colonial America,"Drawing on newly examined archives, Frontier of Colonial America traces the events of Colonial America, revealing how ordinary lives were shaped by decisions made in halls of power.",Freya Sharma,History,https://placehold.co/400x600/5b3a29/ffffff.png?text=Frontier%20of%20Colonial%20America&font=roboto,625,0
Shattered Chronicle,"Drawing on newly examined archives, Shattered Chronicle traces the events of Colonial America, revealing how ordinary lives were shaped by decisions made in halls of power.",Carol Sutton,History,https://placehold.co/400x600/5b3a29/ffffff.png?text=Shattered%20Chronicle&font=roboto,237,0
The Siege of Renaissance Florence,"Drawing on newly examined archives, The Siege of Renaissance Florence traces the events of Renaissance Florence, revealing how ordinary lives were shaped by decisions made in halls of power.",Ronald Merrick,History,https://placehold.co/400x600/5b3a29/ffffff.png?text=The%20Siege%20of%20Renaissance%20Florence&font=roboto,178,0
Ancient Dynasty,"Drawing on newly examined archives, Ancient Dynasty traces the events of Renaissance Florence, revealing how ordinary lives were shaped by decisions made in halls of power.",Margaret Thorne,History,https://placehold.co/400x600/5b3a29/ffffff.png?text=Ancient%20Dynasty&font=roboto,413,0
The Chronicle of Colonial America,"Drawing on newly examined archives, The Chronicle of Colonial America traces the events of Colonial America, revealing how ordinary lives were shaped by decisions made in halls of power.",Mary Nakamura,History,https://placehold.co/400x600/5b3a29/ffffff.png?text=The%20Chronicle%20of%20Colonial%20America&font=roboto,344,0
The Silent Reckoning,"Drawing on newly examined archives, The Silent Reckoning traces the events of the Pacific Theatre, revealing how ordinary lives were shaped by decisions made in halls of power.",Elena Petrov,History,https://placehold.co/400x600/5b3a29/ffffff.png?text=The%20Silent%20Reckoning&font=roboto,395,0
Golden Reckoning,"Drawing on newly examined archives, Golden Reckoning traces the events of Renaissance Florence, revealing how ordinary lives were shaped by decisions made in halls of power.",Rahul Bennett,History,https://placehold.co/400x600/5b3a29/ffffff.png?text=Golden%20Reckoning&font=roboto,244,0
The Kingdom of the Ottoman Court,"Drawing on newly examined archives, The Kingdom of the Ottoman Court traces the events of the Ottoman Court, revealing how ordinary lives were shaped by decisions made in halls of power.",Michelle Moreau,History,https://placehold.co/400x600/5b3a29/ffffff.png?text=The%20Kingdom%20of%20the%20Ottoman%20Court&font=roboto,526,0
Rising Frontier,"Drawing on newly examined archives, Rising Frontier traces the events of the Byzantine Empire, revealing how ordinary lives were shaped by decisions made in halls of power.",Ananya Petrov,History,https://placehold.co/400x600/5b3a29/ffffff.png?text=Rising%20Frontier&font=roboto,487,0
The Republic of Colonial America,"Drawing on newly examined archives, The Republic of Colonial America traces the events of Colonial America, revealing how ordinary lives were shaped by decisions made in halls of power.",Michelle Harrow,History,https://placehold.co/400x600/5b3a29/ffffff.png?text=The%20Republic%20of%20Colonial%20America&font=roboto,385,0
The Shattered Siege,"Drawing on newly examined archives, The Shattered Siege traces the events of the Byzantine Empire, revealing how ordinary lives were shaped by decisions made in halls of power.",Jessica Kobayashi,History,https://placehold.co/400x600/5b3a29/ffffff.png?text=The%20Shattered%20Siege&font=roboto,855,0
Siege of Renaissance Florence,"Drawing on newly examined archives, Siege of Renaissance Florence traces the events of Renaissance Florence, revealing how ordinary lives were shaped by decisions made in halls of power.",Emily Moreau,History,https://placehold.co/400x600/5b3a29/ffffff.png?text=Siege%20of%20Renaissance%20Florence&font=roboto,686,0
Dynasty of Colonial America,"Drawing on newly examined archives, Dynasty of Colonial America traces the events of Colonial America, revealing how ordinary lives were shaped by decisions made in halls of power.",Mary Kobayashi,History,https://placehold.co/400x600/5b3a29/ffffff.png?text=Dynasty%20of%20Colonial%20America&font=roboto,278,0
The Empire of Colonial America,"Drawing on newly examined archives, The Empire of Colonial America traces the events of Colonial America, revealing how ordinary lives were shaped by decisions made in halls of power.",Thomas Iyer,History,https://placehold.co/400x600/5b3a29/ffffff.png?text=The%20Empire%20of%20Colonial%20America&font=roboto,254,0
The Final Crossing,"Drawing on newly examined archives, The Final Crossing traces the events of Renaissance Florence, revealing how ordinary lives were shaped by decisions made in halls of power.",Hiroshi Delacroix,History,https://placehold.co/400x600/5b3a29/ffffff.png?text=The%20Final%20Crossing&font=roboto,497,0
Crossing of Renaissance Florence,"Drawing on newly examined archives, Crossing of Renaissance Florence traces the events of Renaissance Florence, revealing how ordinary lives were shaped by decisions made in halls of power.",Joseph Reed,History,https://placehold.co/400x600/5b3a29/ffffff.png?text=Crossing%20of%20Renaissance%20Florence&font=roboto,559,0
Untold Chronicle,"Drawing on newly examined archives, Untold Chronicle traces the events of Ancient Rome, revealing how ordinary lives were shaped by decisions made in halls of power.",Karen Whitfield,History,https://placehold.co/400x600/5b3a29/ffffff.png?text=Untold%20Chronicle&font=roboto,725,0
The Siege of the Silk Road,"Drawing on newly examined archives, The Siege of the Silk Road traces the events of the Silk Road, revealing how ordinary lives were shaped by decisions made in halls of power.",Rohan Rossi,History,https://placehold.co/400x600/5b3a29/ffffff.png?text=The%20Siege%20of%20the%20Silk%20Road&font=roboto,759,0
Kingdom of Renaissance Florence,"Drawing on newly examined archives, Kingdom of Renaissance Florence traces the events of Renaissance Florence, revealing how ordinary lives were shaped by decisions made in halls of power.",Meera Ashford,History,https://placehold.co/400x600/5b3a29/ffffff.png?text=Kingdom%20of%20Renaissance%20Florence&font=roboto,751,0
Turbulent Chronicle,"Drawing on newly examined archives, Turbulent Chronicle traces the events of Ancient Rome, revealing how ordinary lives were shaped by decisions made in halls of power.",Richard Pierce,History,https://placehold.co/400x600/5b3a29/ffffff.png?text=Turbulent%20Chronicle&font=roboto,789,0
Legacy of the Silk Road,"Drawing on newly examined archives, Legacy of the Silk Road traces the events of the Silk Road, revealing how ordinary lives were shaped by decisions made in halls of power.",Daniel Sutton,History,https://placehold.co/400x600/5b3a29/ffffff.png?text=Legacy%20of%20the%20Silk%20Road&font=roboto,326,0
The Hidden Empire,"Drawing on newly examined archives, The Hidden Empire traces the events of the Pacific Theatre, revealing how ordinary lives were shaped by decisions made in halls of power.",Rahul Rossi,History,https://placehold.co/400x600/5b3a29/ffffff.png?text=The%20Hidden%20Empire&font=roboto,630,0
The Republic of the Silk Road,"Drawing on newly examined archives, The Republic of the Silk Road traces the events of the Silk Road, revealing how ordinary lives were shaped by decisions made in halls of power.",Sandra Harrow,History,https://placehold.co/400x600/5b3a29/ffffff.png?text=The%20Republic%20of%20the%20Silk%20Road&font=roboto,789,0
Revolution of the Ottoman Court,"Drawing on newly examined archives, Revolution of the Ottoman Court traces the events of the Ottoman Court, revealing how ordinary lives were shaped by decisions made in halls of power.",Karen Vance,History,https://placehold.co/400x600/5b3a29/ffffff.png?text=Revolution%20of%20the%20Ottoman%20Court&font=roboto,294,0
The Forgotten Dynasty,"Drawing on newly examined archives, The Forgotten Dynasty traces the events of Colonial America, revealing how ordinary lives were shaped by decisions made in halls of power.",Joshua Delacroix,History,https://placehold.co/400x600/5b3a29/ffffff.png?text=The%20Forgotten%20Dynasty&font=roboto,276,0
The Frontier of Renaissance Florence,"Drawing on newly examined archives, The Frontier of Renaissance Florence traces the events of Renaissance Florence, revealing how ordinary lives were shaped by decisions made in halls of power.",Meera Foster,History,https://placehold.co/400x600/5b3a29/ffffff.png?text=The%20Frontier%20of%20Renaissance%20Florence&font=roboto,761,0
The Vanished Reckoning,"Drawing on newly examined archives, The Vanished Reckoning traces the events of the Byzantine Empire, revealing how ordinary lives were shaped by decisions made in halls of power.",Paul Bennett,History,https://placehold.co/400x600/5b3a29/ffffff.png?text=The%20Vanished%20Reckoning&font=roboto,242,0
Chronicle of Ancient Rome,"Drawing on newly examined archives, Chronicle of Ancient Rome traces the events of Ancient Rome, revealing how ordinary lives were shaped by decisions made in halls of power.",Andrew Andersen,History,https://placehold.co/400x600/5b3a29/ffffff.png?text=Chronicle%20of%20Ancient%20Rome&font=roboto,190,0
Untold Republic,"Drawing on newly examined archives, Untold Republic traces the events of the Byzantine Empire, revealing how ordinary lives were shaped by decisions made in halls of power.",Kavya Merrick,History,https://placehold.co/400x600/5b3a29/ffffff.png?text=Untold%20Republic&font=roboto,477,0
The Hidden Uprising,"Drawing on newly examined archives, The Hidden Uprising traces the events of the Pacific Theatre, revealing how ordinary lives were shaped by decisions made in halls of power.",Mateo Redwood,History,https://placehold.co/400x600/5b3a29/ffffff.png?text=The%20Hidden%20Uprising&font=roboto,827,0
Rising Empire,"Drawing on newly examined archives, Rising Empire traces the events of Renaissance Florence, revealing how ordinary lives were shaped by decisions made in halls of power.",Barbara Callahan,History,https://placehold.co/400x600/5b3a29/ffffff.png?text=Rising%20Empire&font=roboto,407,0
The Kingdom of Ancient Rome,"Drawing on newly examined archives, The Kingdom of Ancient Rome traces the events of Ancient Rome, revealing how ordinary lives were shaped by decisions made in halls of power.",Oliver Osei,History,https://placehold.co/400x600/5b3a29/ffffff.png?text=The%20Kingdom%20of%20Ancient%20Rome&font=roboto,572,0
The Silent Frontier,"Drawing on newly examined archives, The Silent Frontier traces the events of the Byzantine Empire, revealing how ordinary lives were shaped by decisions made in halls of power.",Mateo Delacroix,History,https://placehold.co/400x600/5b3a29/ffffff.png?text=The%20Silent%20Frontier&font=roboto,201,0
Structure of Digital Interfaces,"Structure of Digital Interfaces explores how thoughtful choices in digital interfaces quietly shape the way people interact with the world, arguing that good design is felt more than seen.",Joshua Delacroix,Design,https://placehold.co/400x600/2f3e46/ffffff.png?text=Structure%20of%20Digital%20Interfaces&font=roboto,864,0
Invisible Form,"Invisible Form explores how thoughtful choices in the built environment quietly shape the way people interact with the world, arguing that good design is felt more than seen.",Steven Ellison,Design,https://placehold.co/400x600/2f3e46/ffffff.png?text=Invisible%20Form&font=roboto,467,0
The Timeless Blueprint,"The Timeless Blueprint explores how thoughtful choices in modern products quietly shape the way people interact with the world, arguing that good design is felt more than seen.",Donald Grant,Design,https://placehold.co/400x600/2f3e46/ffffff.png?text=The%20Timeless%20Blueprint&font=roboto,621,0
The Elegant Craft,"The Elegant Craft explores how thoughtful choices in urban spaces quietly shape the way people interact with the world, arguing that good design is felt more than seen.",Lucas Vance,Design,https://placehold.co/400x600/2f3e46/ffffff.png?text=The%20Elegant%20Craft&font=roboto,574,0
Human-Centered Object,"Human-Centered Object explores how thoughtful choices in everyday objects quietly shape the way people interact with the world, arguing that good design is felt more than seen.",Charles Winters,Design,https://placehold.co/400x600/2f3e46/ffffff.png?text=Human-Centered%20Object&font=roboto,344,0
Grid of Everyday Objects,"Grid of Everyday Objects explores how thoughtful choices in everyday objects quietly shape the way people interact with the world, arguing that good design is felt more than seen.",Amanda Kapoor,Design,https://placehold.co/400x600/2f3e46/ffffff.png?text=Grid%20of%20Everyday%20Objects&font=roboto,422,0
The Everyday Grid,"The Everyday Grid explores how thoughtful choices in the built environment quietly shape the way people interact with the world, arguing that good design is felt more than seen.",Elena Whitfield,Design,https://placehold.co/400x600/2f3e46/ffffff.png?text=The%20Everyday%20Grid&font=roboto,606,0
Intentional Pattern,"Intentional Pattern explores how thoughtful choices in the built environment quietly shape the way people interact with the world, arguing that good design is felt more than seen.",Oliver Winters,Design,https://placehold.co/400x600/2f3e46/ffffff.png?text=Intentional%20Pattern&font=roboto,615,0
The Object of the Built Environment,"The Object of the Built Environment explores how thoughtful choices in the built environment quietly shape the way people interact with the world, arguing that good design is felt more than seen.",Stephanie Lockhart,Design,https://placehold.co/400x600/2f3e46/ffffff.png?text=The%20Object%20of%20the%20Built%20Environment&font=roboto,569,0
The Intentional Craft,"The Intentional Craft explores how thoughtful choices in everyday objects quietly shape the way people interact with the world, arguing that good design is felt more than seen.",Stephanie Whitfield,Design,https://placehold.co/400x600/2f3e46/ffffff.png?text=The%20Intentional%20Craft&font=roboto,656,0
The Elegant Structure,"The Elegant Structure explores how thoughtful choices in the built environment quietly shape the way people interact with the world, arguing that good design is felt more than seen.",Brian Bishop,Design,https://placehold.co/400x600/2f3e46/ffffff.png?text=The%20Elegant%20Structure&font=roboto,599,0
The Timeless Craft,"The Timeless Craft explores how thoughtful choices in modern products quietly shape the way people interact with the world, arguing that good design is felt more than seen.",Charles Kensington,Design,https://placehold.co/400x600/2f3e46/ffffff.png?text=The%20Timeless%20Craft&font=roboto,819,0
Craft of Urban Spaces,"Craft of Urban Spaces explores how thoughtful choices in urban spaces quietly shape the way people interact with the world, arguing that good design is felt more than seen.",Amanda O'Connell,Design,https://placehold.co/400x600/2f3e46/ffffff.png?text=Craft%20of%20Urban%20Spaces&font=roboto,858,0
Invisible Pattern,"Invisible Pattern explores how thoughtful choices in the built environment quietly shape the way people interact with the world, arguing that good design is felt more than seen.",Ronald Callahan,Design,https://placehold.co/400x600/2f3e46/ffffff.png?text=Invisible%20Pattern&font=roboto,790,0
Timeless Form,"Timeless Form explores how thoughtful choices in the built environment quietly shape the way people interact with the world, arguing that good design is felt more than seen.",David Sutton,Design,https://placehold.co/400x600/2f3e46/ffffff.png?text=Timeless%20Form&font=roboto,795,0
The Interface of Everyday Objects,"The Interface of Everyday Objects explores how thoughtful choices in everyday objects quietly shape the way people interact with the world, arguing that good design is felt more than seen.",Richard Bishop,Design,https://placehold.co/400x600/2f3e46/ffffff.png?text=The%20Interface%20of%20Everyday%20Objects&font=roboto,603,0
Form of Modern Products,"Form of Modern Products explores how thoughtful choices in modern products quietly shape the way people interact with the world, arguing that good design is felt more than seen.",Carol Morgan,Design,https://placehold.co/400x600/2f3e46/ffffff.png?text=Form%20of%20Modern%20Products&font=roboto,449,0
The Blueprint of Digital Interfaces,"The Blueprint of Digital Interfaces explores how thoughtful choices in digital interfaces quietly shape the way people interact with the world, arguing that good design is felt more than seen.",Ashley Nakamura,Design,https://placehold.co/400x600/2f3e46/ffffff.png?text=The%20Blueprint%20of%20Digital%20Interfaces&font=roboto,570,0
System of Modern Products,"System of Modern Products explores how thoughtful choices in modern products quietly shape the way people interact with the world, arguing that good design is felt more than seen.",Ronald O'Connell,Design,https://placehold.co/400x600/2f3e46/ffffff.png?text=System%20of%20Modern%20Products&font=roboto,848,0
Language of Digital Interfaces,"Language of Digital Interfaces explores how thoughtful choices in digital interfaces quietly shape the way people interact with the world, arguing that good design is felt more than seen.",Sandra Osei,Design,https://placehold.co/400x600/2f3e46/ffffff.png?text=Language%20of%20Digital%20Interfaces&font=roboto,802,0
The Grid of Modern Products,"The Grid of Modern Products explores how thoughtful choices in modern products quietly shape the way people interact with the world, arguing that good design is felt more than seen.",Aditya Redwood,Design,https://placehold.co/400x600/2f3e46/ffffff.png?text=The%20Grid%20of%20Modern%20Products&font=roboto,842,0
The Grid of Everyday Objects,"The Grid of Everyday Objects explores how thoughtful choices in everyday objects quietly shape the way people interact with the world, arguing that good design is felt more than seen.",Kenneth Doyle,Design,https://placehold.co/400x600/2f3e46/ffffff.png?text=The%20Grid%20of%20Everyday%20Objects&font=roboto,542,0
Invisible Object,"Invisible Object explores how thoughtful choices in everyday objects quietly shape the way people interact with the world, arguing that good design is felt more than seen.",Melissa Andersen,Design,https://placehold.co/400x600/2f3e46/ffffff.png?text=Invisible%20Object&font=roboto,451,0
The Blueprint of Urban Spaces,"The Blueprint of Urban Spaces explores how thoughtful choices in urban spaces quietly shape the way people interact with the world, arguing that good design is felt more than seen.",Mary Andersen,Design,https://placehold.co/400x600/2f3e46/ffffff.png?text=The%20Blueprint%20of%20Urban%20Spaces&font=roboto,851,0
The Practical Craft,"The Practical Craft explores how thoughtful choices in urban spaces quietly shape the way people interact with the world, arguing that good design is felt more than seen.",Sandra Rossi,Design,https://placehold.co/400x600/2f3e46/ffffff.png?text=The%20Practical%20Craft&font=roboto,509,0
Language of Urban Spaces,"Language of Urban Spaces explores how thoughtful choices in urban spaces quietly shape the way people interact with the world, arguing that good design is felt more than seen.",Sarah Bishop,Design,https://placehold.co/400x600/2f3e46/ffffff.png?text=Language%20of%20Urban%20Spaces&font=roboto,791,0
The Everyday Craft,"The Everyday Craft explores how thoughtful choices in modern products quietly shape the way people interact with the world, arguing that good design is felt more than seen.",Edward Sinclair,Design,https://placehold.co/400x600/2f3e46/ffffff.png?text=The%20Everyday%20Craft&font=roboto,241,0
Structure of Urban Spaces,"Structure of Urban Spaces explores how thoughtful choices in urban spaces quietly shape the way people interact with the world, arguing that good design is felt more than seen.",Noah Kapoor,Design,https://placehold.co/400x600/2f3e46/ffffff.png?text=Structure%20of%20Urban%20Spaces&font=roboto,428,0
The Craft of Modern Products,"The Craft of Modern Products explores how thoughtful choices in modern products quietly shape the way people interact with the world, arguing that good design is felt more than seen.",Charles Lockhart,Design,https://placehold.co/400x600/2f3e46/ffffff.png?text=The%20Craft%20of%20Modern%20Products&font=roboto,841,0
Timeless Pattern,"Timeless Pattern explores how thoughtful choices in modern products quietly shape the way people interact with the world, arguing that good design is felt more than seen.",Priya Carter,Design,https://placehold.co/400x600/2f3e46/ffffff.png?text=Timeless%20Pattern&font=roboto,419,0
The Human-Centered Pattern,"The Human-Centered Pattern explores how thoughtful choices in urban spaces quietly shape the way people interact with the world, arguing that good design is felt more than seen.",Ronald Blackwood,Design,https://placehold.co/400x600/2f3e46/ffffff.png?text=The%20Human-Centered%20Pattern&font=roboto,259,0
Form of the Built Environment,"Form of the Built Environment explores how thoughtful choices in the built environment quietly shape the way people interact with the world, arguing that good design is felt more than seen.",Carol O'Connell,Design,https://placehold.co/400x600/2f3e46/ffffff.png?text=Form%20of%20the%20Built%20Environment&font=roboto,375,0
The Human-Centered Grid,"The Human-Centered Grid explores how thoughtful choices in everyday objects quietly shape the way people interact with the world, arguing that good design is felt more than seen.",Joseph Sinclair,Design,https://placehold.co/400x600/2f3e46/ffffff.png?text=The%20Human-Centered%20Grid&font=roboto,195,0
The Functional Structure,"The Functional Structure explores how thoughtful choices in digital interfaces quietly shape the way people interact with the world, arguing that good design is felt more than seen.",Stephanie Osei,Design,https://placehold.co/400x600/2f3e46/ffffff.png?text=The%20Functional%20Structure&font=roboto,528,0
Practical System,"Practical System explores how thoughtful choices in everyday objects quietly shape the way people interact with the world, arguing that good design is felt more than seen.",Richard Iyer,Design,https://placehold.co/400x600/2f3e46/ffffff.png?text=Practical%20System&font=roboto,779,0
Everyday Form,"Everyday Form explores how thoughtful choices in urban spaces quietly shape the way people interact with the world, arguing that good design is felt more than seen.",Margaret Delacroix,Design,https://placehold.co/400x600/2f3e46/ffffff.png?text=Everyday%20Form&font=roboto,604,0
Interface of Urban Spaces,"Interface of Urban Spaces explores how thoughtful choices in urban spaces quietly shape the way people interact with the world, arguing that good design is felt more than seen.",Oliver Thorne,Design,https://placehold.co/400x600/2f3e46/ffffff.png?text=Interface%20of%20Urban%20Spaces&font=roboto,211,0
Everyday Object,"Everyday Object explores how thoughtful choices in modern products quietly shape the way people interact with the world, arguing that good design is felt more than seen.",Divya Foster,Design,https://placehold.co/400x600/2f3e46/ffffff.png?text=Everyday%20Object&font=roboto,827,0
The System of the Built Environment,"The System of the Built Environment explores how thoughtful choices in the built environment quietly shape the way people interact with the world, arguing that good design is felt more than seen.",Mark Reed,Design,https://placehold.co/400x600/2f3e46/ffffff.png?text=The%20System%20of%20the%20Built%20Environment&font=roboto,716,0
Object of Digital Interfaces,"Object of Digital Interfaces explores how thoughtful choices in digital interfaces quietly shape the way people interact with the world, arguing that good design is felt more than seen.",Brian Whitfield,Design,https://placehold.co/400x600/2f3e46/ffffff.png?text=Object%20of%20Digital%20Interfaces&font=roboto,759,0
The Everyday System,"The Everyday System explores how thoughtful choices in digital interfaces quietly shape the way people interact with the world, arguing that good design is felt more than seen.",Oliver Harrow,Design,https://placehold.co/400x600/2f3e46/ffffff.png?text=The%20Everyday%20System&font=roboto,327,0
The Simple System,"The Simple System explores how thoughtful choices in modern products quietly shape the way people interact with the world, arguing that good design is felt more than seen.",Melissa Sutton,Design,https://placehold.co/400x600/2f3e46/ffffff.png?text=The%20Simple%20System&font=roboto,751,0
The System of Urban Spaces,"The System of Urban Spaces explores how thoughtful choices in urban spaces quietly shape the way people interact with the world, arguing that good design is felt more than seen.",Michael Sinclair,Design,https://placehold.co/400x600/2f3e46/ffffff.png?text=The%20System%20of%20Urban%20Spaces&font=roboto,580,0
The Invisible Craft,"The Invisible Craft explores how thoughtful choices in everyday objects quietly shape the way people interact with the world, arguing that good design is felt more than seen.",Edward Kapoor,Design,https://placehold.co/400x600/2f3e46/ffffff.png?text=The%20Invisible%20Craft&font=roboto,756,0
The Human-Centered Structure,"The Human-Centered Structure explores how thoughtful choices in digital interfaces quietly shape the way people interact with the world, arguing that good design is felt more than seen.",Jennifer Nakamura,Design,https://placehold.co/400x600/2f3e46/ffffff.png?text=The%20Human-Centered%20Structure&font=roboto,457,0
Simple Form,"Simple Form explores how thoughtful choices in everyday objects quietly shape the way people interact with the world, arguing that good design is felt more than seen.",Arjun Marlow,Design,https://placehold.co/400x600/2f3e46/ffffff.png?text=Simple%20Form&font=roboto,851,0
The Human-Centered Craft,"The Human-Centered Craft explores how thoughtful choices in modern products quietly shape the way people interact with the world, arguing that good design is felt more than seen.",William Callahan,Design,https://placehold.co/400x600/2f3e46/ffffff.png?text=The%20Human-Centered%20Craft&font=roboto,771,0
System of Urban Spaces,"System of Urban Spaces explores how thoughtful choices in urban spaces quietly shape the way people interact with the world, arguing that good design is felt more than seen.",Carol Winters,Design,https://placehold.co/400x600/2f3e46/ffffff.png?text=System%20of%20Urban%20Spaces&font=roboto,760,0
The Structure of the Built Environment,"The Structure of the Built Environment explores how thoughtful choices in the built environment quietly shape the way people interact with the world, arguing that good design is felt more than seen.",Vikram Bishop,Design,https://placehold.co/400x600/2f3e46/ffffff.png?text=The%20Structure%20of%20the%20Built%20Environment&font=roboto,867,0
The Timeless Object,"The Timeless Object explores how thoughtful choices in everyday objects quietly shape the way people interact with the world, arguing that good design is felt more than seen.",Rahul Lockhart,Design,https://placehold.co/400x600/2f3e46/ffffff.png?text=The%20Timeless%20Object&font=roboto,572,0
The Blueprint of Everyday Objects,"The Blueprint of Everyday Objects explores how thoughtful choices in everyday objects quietly shape the way people interact with the world, arguing that good design is felt more than seen.",Richard Callahan,Design,https://placehold.co/400x600/2f3e46/ffffff.png?text=The%20Blueprint%20of%20Everyday%20Objects&font=roboto,586,0
The Pattern of Digital Interfaces,"The Pattern of Digital Interfaces explores how thoughtful choices in digital interfaces quietly shape the way people interact with the world, arguing that good design is felt more than seen.",Yuki Reed,Design,https://placehold.co/400x600/2f3e46/ffffff.png?text=The%20Pattern%20of%20Digital%20Interfaces&font=roboto,242,0
The Invisible Blueprint,"The Invisible Blueprint explores how thoughtful choices in modern products quietly shape the way people interact with the world, arguing that good design is felt more than seen.",Deborah Sinclair,Design,https://placehold.co/400x600/2f3e46/ffffff.png?text=The%20Invisible%20Blueprint&font=roboto,718,0
The Practical Structure,"The Practical Structure explores how thoughtful choices in the built environment quietly shape the way people interact with the world, arguing that good design is felt more than seen.",Brian Grant,Design,https://placehold.co/400x600/2f3e46/ffffff.png?text=The%20Practical%20Structure&font=roboto,569,0
The Form of Urban Spaces,"The Form of Urban Spaces explores how thoughtful choices in urban spaces quietly shape the way people interact with the world, arguing that good design is felt more than seen.",Michelle Thorne,Design,https://placehold.co/400x600/2f3e46/ffffff.png?text=The%20Form%20of%20Urban%20Spaces&font=roboto,255,0
Craft of Digital Interfaces,"Craft of Digital Interfaces explores how thoughtful choices in digital interfaces quietly shape the way people interact with the world, arguing that good design is felt more than seen.",Susan Thorne,Design,https://placehold.co/400x600/2f3e46/ffffff.png?text=Craft%20of%20Digital%20Interfaces&font=roboto,718,0
The Grid of the Built Environment,"The Grid of the Built Environment explores how thoughtful choices in the built environment quietly shape the way people interact with the world, arguing that good design is felt more than seen.",Donald Marlow,Design,https://placehold.co/400x600/2f3e46/ffffff.png?text=The%20Grid%20of%20the%20Built%20Environment&font=roboto,723,0
The Practical Grid,"The Practical Grid explores how thoughtful choices in modern products quietly shape the way people interact with the world, arguing that good design is felt more than seen.",Lisa Vance,Design,https://placehold.co/400x600/2f3e46/ffffff.png?text=The%20Practical%20Grid&font=roboto,868,0
The Pattern of Modern Products,"The Pattern of Modern Products explores how thoughtful choices in modern products quietly shape the way people interact with the world, arguing that good design is felt more than seen.",Lisa Whitfield,Design,https://placehold.co/400x600/2f3e46/ffffff.png?text=The%20Pattern%20of%20Modern%20Products&font=roboto,728,0
Invisible System,"Invisible System explores how thoughtful choices in modern products quietly shape the way people interact with the world, arguing that good design is felt more than seen.",Barbara Nakamura,Design,https://placehold.co/400x600/2f3e46/ffffff.png?text=Invisible%20System&font=roboto,369,0
Minimal Craft,"Minimal Craft explores how thoughtful choices in urban spaces quietly shape the way people interact with the world, arguing that good design is felt more than seen.",Daniel Blackwood,Design,https://placehold.co/400x600/2f3e46/ffffff.png?text=Minimal%20Craft&font=roboto,468,0
The Language of Modern Products,"The Language of Modern Products explores how thoughtful choices in modern products quietly shape the way people interact with the world, arguing that good design is felt more than seen.",Michael Whitfield,Design,https://placehold.co/400x600/2f3e46/ffffff.png?text=The%20Language%20of%20Modern%20Products&font=roboto,310,0
The Invisible Grid,"The Invisible Grid explores how thoughtful choices in everyday objects quietly shape the way people interact with the world, arguing that good design is felt more than seen.",Ananya Iyer,Design,https://placehold.co/400x600/2f3e46/ffffff.png?text=The%20Invisible%20Grid&font=roboto,770,0
Extraordinary Path,"Extraordinary Path charts a singular life spent navigating the public eye, offering an honest look at the ambitions, failures, and quiet decisions that defined it.",Lucas Grant,Biography,https://placehold.co/400x600/3d405b/ffffff.png?text=Extraordinary%20Path&font=roboto,502,0
Restless Path,"Restless Path charts a singular life spent navigating a life of reinvention, offering an honest look at the ambitions, failures, and quiet decisions that defined it.",Elena Nakamura,Biography,https://placehold.co/400x600/3d405b/ffffff.png?text=Restless%20Path&font=roboto,832,0
The Memoir of an Uncertain Career,"The Memoir of an Uncertain Career charts a singular life spent navigating an uncertain career, offering an honest look at the ambitions, failures, and quiet decisions that defined it.",Linda Carter,Biography,https://placehold.co/400x600/3d405b/ffffff.png?text=The%20Memoir%20of%20an%20Uncertain%20Career&font=roboto,358,0
The Portrait of Two Continents,"The Portrait of Two Continents charts a singular life spent navigating two continents, offering an honest look at the ambitions, failures, and quiet decisions that defined it.",Donna Callahan,Biography,https://placehold.co/400x600/3d405b/ffffff.png?text=The%20Portrait%20of%20Two%20Continents&font=roboto,271,0
The Private Voice,"The Private Voice charts a singular life spent navigating the public eye, offering an honest look at the ambitions, failures, and quiet decisions that defined it.",Thomas Winters,Biography,https://placehold.co/400x600/3d405b/ffffff.png?text=The%20Private%20Voice&font=roboto,694,0
Journey of an Uncertain Career,"Journey of an Uncertain Career charts a singular life spent navigating an uncertain career, offering an honest look at the ambitions, failures, and quiet decisions that defined it.",Jennifer Marlow,Biography,https://placehold.co/400x600/3d405b/ffffff.png?text=Journey%20of%20an%20Uncertain%20Career&font=roboto,168,0
Restless Ascent,"Restless Ascent charts a singular life spent navigating a life of reinvention, offering an honest look at the ambitions, failures, and quiet decisions that defined it.",Ananya Andersen,Biography,https://placehold.co/400x600/3d405b/ffffff.png?text=Restless%20Ascent&font=roboto,563,0
Unlikely Journey,"Unlikely Journey charts a singular life spent navigating an uncertain career, offering an honest look at the ambitions, failures, and quiet decisions that defined it.",Robert Callahan,Biography,https://placehold.co/400x600/3d405b/ffffff.png?text=Unlikely%20Journey&font=roboto,324,0
Ordinary Journey,"Ordinary Journey charts a singular life spent navigating an uncertain career, offering an honest look at the ambitions, failures, and quiet decisions that defined it.",Susan Sutton,Biography,https://placehold.co/400x600/3d405b/ffffff.png?text=Ordinary%20Journey&font=roboto,595,0
Restless Voice,"Restless Voice charts a singular life spent navigating two continents, offering an honest look at the ambitions, failures, and quiet decisions that defined it.",Amanda Lockhart,Biography,https://placehold.co/400x600/3d405b/ffffff.png?text=Restless%20Voice&font=roboto,490,0
Journey of a Life of Reinvention,"Journey of a Life of Reinvention charts a singular life spent navigating a life of reinvention, offering an honest look at the ambitions, failures, and quiet decisions that defined it.",Lucas Doyle,Biography,https://placehold.co/400x600/3d405b/ffffff.png?text=Journey%20of%20a%20Life%20of%20Reinvention&font=roboto,506,0
The Memoir of a Small Town,"The Memoir of a Small Town charts a singular life spent navigating a small town, offering an honest look at the ambitions, failures, and quiet decisions that defined it.",Charles Harrow,Biography,https://placehold.co/400x600/3d405b/ffffff.png?text=The%20Memoir%20of%20a%20Small%20Town&font=roboto,351,0
Journey of the Public Eye,"Journey of the Public Eye charts a singular life spent navigating the public eye, offering an honest look at the ambitions, failures, and quiet decisions that defined it.",Mateo Osei,Biography,https://placehold.co/400x600/3d405b/ffffff.png?text=Journey%20of%20the%20Public%20Eye&font=roboto,726,0
Ordinary Ascent,"Ordinary Ascent charts a singular life spent navigating the public eye, offering an honest look at the ambitions, failures, and quiet decisions that defined it.",Meera Reed,Biography,https://placehold.co/400x600/3d405b/ffffff.png?text=Ordinary%20Ascent&font=roboto,629,0
Unlikely Path,"Unlikely Path charts a singular life spent navigating a life of reinvention, offering an honest look at the ambitions, failures, and quiet decisions that defined it.",Linda Thorne,Biography,https://placehold.co/400x600/3d405b/ffffff.png?text=Unlikely%20Path&font=roboto,668,0
The Unlikely Legacy,"The Unlikely Legacy charts a singular life spent navigating an uncertain career, offering an honest look at the ambitions, failures, and quiet decisions that defined it.",John Morgan,Biography,https://placehold.co/400x600/3d405b/ffffff.png?text=The%20Unlikely%20Legacy&font=roboto,526,0
The Journey of a Life of Reinvention,"The Journey of a Life of Reinvention charts a singular life spent navigating a life of reinvention, offering an honest look at the ambitions, failures, and quiet decisions that defined it.",Sofia Winters,Biography,https://placehold.co/400x600/3d405b/ffffff.png?text=The%20Journey%20of%20a%20Life%20of%20Reinvention&font=roboto,622,0
The Private Memoir,"The Private Memoir charts a singular life spent navigating two continents, offering an honest look at the ambitions, failures, and quiet decisions that defined it.",Yuki Kapoor,Biography,https://placehold.co/400x600/3d405b/ffffff.png?text=The%20Private%20Memoir&font=roboto,303,0
The Private Journey,"The Private Journey charts a singular life spent navigating two continents, offering an honest look at the ambitions, failures, and quiet decisions that defined it.",William Kapoor,Biography,https://placehold.co/400x600/3d405b/ffffff.png?text=The%20Private%20Journey&font=roboto,810,0
Memoir of an Uncertain Career,"Memoir of an Uncertain Career charts a singular life spent navigating an uncertain career, offering an honest look at the ambitions, failures, and quiet decisions that defined it.",Meera Nakamura,Biography,https://placehold.co/400x600/3d405b/ffffff.png?text=Memoir%20of%20an%20Uncertain%20Career&font=roboto,684,0
Ascent of Two Continents,"Ascent of Two Continents charts a singular life spent navigating two continents, offering an honest look at the ambitions, failures, and quiet decisions that defined it.",Stephanie Kensington,Biography,https://placehold.co/400x600/3d405b/ffffff.png?text=Ascent%20of%20Two%20Continents&font=roboto,495,0
The Ordinary Journey,"The Ordinary Journey charts a singular life spent navigating two continents, offering an honest look at the ambitions, failures, and quiet decisions that defined it.",Richard Petrov,Biography,https://placehold.co/400x600/3d405b/ffffff.png?text=The%20Ordinary%20Journey&font=roboto,843,0
Path of an Uncertain Career,"Path of an Uncertain Career charts a singular life spent navigating an uncertain career, offering an honest look at the ambitions, failures, and quiet decisions that defined it.",Thomas Rossi,Biography,https://placehold.co/400x600/3d405b/ffffff.png?text=Path%20of%20an%20Uncertain%20Career&font=roboto,874,0
The Unlikely Voice,"The Unlikely Voice charts a singular life spent navigating two continents, offering an honest look at the ambitions, failures, and quiet decisions that defined it.",Thomas Nakamura,Biography,https://placehold.co/400x600/3d405b/ffffff.png?text=The%20Unlikely%20Voice&font=roboto,244,0
Ordinary Life,"Ordinary Life charts a singular life spent navigating two continents, offering an honest look at the ambitions, failures, and quiet decisions that defined it.",Michelle Marsh,Biography,https://placehold.co/400x600/3d405b/ffffff.png?text=Ordinary%20Life&font=roboto,368,0
The Memoir of the Public Eye,"The Memoir of the Public Eye charts a singular life spent navigating the public eye, offering an honest look at the ambitions, failures, and quiet decisions that defined it.",Sarah Whitfield,Biography,https://placehold.co/400x600/3d405b/ffffff.png?text=The%20Memoir%20of%20the%20Public%20Eye&font=roboto,228,0
The Life of Two Continents,"The Life of Two Continents charts a singular life spent navigating two continents, offering an honest look at the ambitions, failures, and quiet decisions that defined it.",Thomas Rossi,Biography,https://placehold.co/400x600/3d405b/ffffff.png?text=The%20Life%20of%20Two%20Continents&font=roboto,534,0
Portrait of a Life of Reinvention,"Portrait of a Life of Reinvention charts a singular life spent navigating a life of reinvention, offering an honest look at the ambitions, failures, and quiet decisions that defined it.",Nancy Delacroix,Biography,https://placehold.co/400x600/3d405b/ffffff.png?text=Portrait%20of%20a%20Life%20of%20Reinvention&font=roboto,193,0
Ordinary Memoir,"Ordinary Memoir charts a singular life spent navigating an uncertain career, offering an honest look at the ambitions, failures, and quiet decisions that defined it.",Joshua Delacroix,Biography,https://placehold.co/400x600/3d405b/ffffff.png?text=Ordinary%20Memoir&font=roboto,388,0
Legacy of the Public Eye,"Legacy of the Public Eye charts a singular life spent navigating the public eye, offering an honest look at the ambitions, failures, and quiet decisions that defined it.",Deborah Andersen,Biography,https://placehold.co/400x600/3d405b/ffffff.png?text=Legacy%20of%20the%20Public%20Eye&font=roboto,600,0
Unlikely Voice,"Unlikely Voice charts a singular life spent navigating a life of reinvention, offering an honest look at the ambitions, failures, and quiet decisions that defined it.",Noah Kensington,Biography,https://placehold.co/400x600/3d405b/ffffff.png?text=Unlikely%20Voice&font=roboto,314,0
Path of a Small Town,"Path of a Small Town charts a singular life spent navigating a small town, offering an honest look at the ambitions, failures, and quiet decisions that defined it.",Hiroshi Blackwood,Biography,https://placehold.co/400x600/3d405b/ffffff.png?text=Path%20of%20a%20Small%20Town&font=roboto,716,0
The Restless Path,"The Restless Path charts a singular life spent navigating a small town, offering an honest look at the ambitions, failures, and quiet decisions that defined it.",Daniel Vance,Biography,https://placehold.co/400x600/3d405b/ffffff.png?text=The%20Restless%20Path&font=roboto,609,0
The Extraordinary Ascent,"The Extraordinary Ascent charts a singular life spent navigating the public eye, offering an honest look at the ambitions, failures, and quiet decisions that defined it.",Stephanie Foster,Biography,https://placehold.co/400x600/3d405b/ffffff.png?text=The%20Extraordinary%20Ascent&font=roboto,532,0
Ascent of a Small Town,"Ascent of a Small Town charts a singular life spent navigating a small town, offering an honest look at the ambitions, failures, and quiet decisions that defined it.",Brian Whitfield,Biography,https://placehold.co/400x600/3d405b/ffffff.png?text=Ascent%20of%20a%20Small%20Town&font=roboto,289,0
Private Life,"Private Life charts a singular life spent navigating a small town, offering an honest look at the ambitions, failures, and quiet decisions that defined it.",Robert Harrow,Biography,https://placehold.co/400x600/3d405b/ffffff.png?text=Private%20Life&font=roboto,369,0
Journey of Two Continents,"Journey of Two Continents charts a singular life spent navigating two continents, offering an honest look at the ambitions, failures, and quiet decisions that defined it.",Steven Ashford,Biography,https://placehold.co/400x600/3d405b/ffffff.png?text=Journey%20of%20Two%20Continents&font=roboto,273,0
The Relentless Voice,"The Relentless Voice charts a singular life spent navigating a life of reinvention, offering an honest look at the ambitions, failures, and quiet decisions that defined it.",Divya Reed,Biography,https://placehold.co/400x600/3d405b/ffffff.png?text=The%20Relentless%20Voice&font=roboto,262,0
Unfinished Memoir,"Unfinished Memoir charts a singular life spent navigating the public eye, offering an honest look at the ambitions, failures, and quiet decisions that defined it.",Donna Marlow,Biography,https://placehold.co/400x600/3d405b/ffffff.png?text=Unfinished%20Memoir&font=roboto,150,0
The Voice of the Public Eye,"The Voice of the Public Eye charts a singular life spent navigating the public eye, offering an honest look at the ambitions, failures, and quiet decisions that defined it.",William Nakamura,Biography,https://placehold.co/400x600/3d405b/ffffff.png?text=The%20Voice%20of%20the%20Public%20Eye&font=roboto,518,0
The Unfinished Voice,"The Unfinished Voice charts a singular life spent navigating an uncertain career, offering an honest look at the ambitions, failures, and quiet decisions that defined it.",Jennifer Winters,Biography,https://placehold.co/400x600/3d405b/ffffff.png?text=The%20Unfinished%20Voice&font=roboto,531,0
The Ascent of a Small Town,"The Ascent of a Small Town charts a singular life spent navigating a small town, offering an honest look at the ambitions, failures, and quiet decisions that defined it.",George Sutton,Biography,https://placehold.co/400x600/3d405b/ffffff.png?text=The%20Ascent%20of%20a%20Small%20Town&font=roboto,899,0
The Ordinary Portrait,"The Ordinary Portrait charts a singular life spent navigating a small town, offering an honest look at the ambitions, failures, and quiet decisions that defined it.",Melissa Kobayashi,Biography,https://placehold.co/400x600/3d405b/ffffff.png?text=The%20Ordinary%20Portrait&font=roboto,495,0
Legacy of a Small Town,"Legacy of a Small Town charts a singular life spent navigating a small town, offering an honest look at the ambitions, failures, and quiet decisions that defined it.",Donna Doyle,Biography,https://placehold.co/400x600/3d405b/ffffff.png?text=Legacy%20of%20a%20Small%20Town&font=roboto,193,0
Private Path,"Private Path charts a singular life spent navigating a small town, offering an honest look at the ambitions, failures, and quiet decisions that defined it.",Anthony Redwood,Biography,https://placehold.co/400x600/3d405b/ffffff.png?text=Private%20Path&font=roboto,514,0
The Ordinary Path,"The Ordinary Path charts a singular life spent navigating a small town, offering an honest look at the ambitions, failures, and quiet decisions that defined it.",Deborah Marlow,Biography,https://placehold.co/400x600/3d405b/ffffff.png?text=The%20Ordinary%20Path&font=roboto,558,0
Extraordinary Ascent,"Extraordinary Ascent charts a singular life spent navigating the public eye, offering an honest look at the ambitions, failures, and quiet decisions that defined it.",Mateo Iyer,Biography,https://placehold.co/400x600/3d405b/ffffff.png?text=Extraordinary%20Ascent&font=roboto,525,0
The Voice of a Small Town,"The Voice of a Small Town charts a singular life spent navigating a small town, offering an honest look at the ambitions, failures, and quiet decisions that defined it.",Vikram Rossi,Biography,https://placehold.co/400x600/3d405b/ffffff.png?text=The%20Voice%20of%20a%20Small%20Town&font=roboto,333,0
The Journey of a Small Town,"The Journey of a Small Town charts a singular life spent navigating a small town, offering an honest look at the ambitions, failures, and quiet decisions that defined it.",Carol Redwood,Biography,https://placehold.co/400x600/3d405b/ffffff.png?text=The%20Journey%20of%20a%20Small%20Town&font=roboto,462,0
Extraordinary Portrait,"Extraordinary Portrait charts a singular life spent navigating an uncertain career, offering an honest look at the ambitions, failures, and quiet decisions that defined it.",George Delacroix,Biography,https://placehold.co/400x600/3d405b/ffffff.png?text=Extraordinary%20Portrait&font=roboto,192,0
The Path of a Small Town,"The Path of a Small Town charts a singular life spent navigating a small town, offering an honest look at the ambitions, failures, and quiet decisions that defined it.",Elizabeth Hartley,Biography,https://placehold.co/400x600/3d405b/ffffff.png?text=The%20Path%20of%20a%20Small%20Town&font=roboto,521,0
Unfinished Portrait,"Unfinished Portrait charts a singular life spent navigating a small town, offering an honest look at the ambitions, failures, and quiet decisions that defined it.",Steven Blackwood,Biography,https://placehold.co/400x600/3d405b/ffffff.png?text=Unfinished%20Portrait&font=roboto,519,0
The Legacy of a Small Town,"The Legacy of a Small Town charts a singular life spent navigating a small town, offering an honest look at the ambitions, failures, and quiet decisions that defined it.",Sarah Nakamura,Biography,https://placehold.co/400x600/3d405b/ffffff.png?text=The%20Legacy%20of%20a%20Small%20Town&font=roboto,524,0
Ordinary Path,"Ordinary Path charts a singular life spent navigating the public eye, offering an honest look at the ambitions, failures, and quiet decisions that defined it.",Joseph Bennett,Biography,https://placehold.co/400x600/3d405b/ffffff.png?text=Ordinary%20Path&font=roboto,339,0
Extraordinary Journey,"Extraordinary Journey charts a singular life spent navigating two continents, offering an honest look at the ambitions, failures, and quiet decisions that defined it.",Kimberly Delacroix,Biography,https://placehold.co/400x600/3d405b/ffffff.png?text=Extraordinary%20Journey&font=roboto,368,0
The Unlikely Path,"The Unlikely Path charts a singular life spent navigating the public eye, offering an honest look at the ambitions, failures, and quiet decisions that defined it.",Matthew Blackwood,Biography,https://placehold.co/400x600/3d405b/ffffff.png?text=The%20Unlikely%20Path&font=roboto,669,0
Memoir of the Public Eye,"Memoir of the Public Eye charts a singular life spent navigating the public eye, offering an honest look at the ambitions, failures, and quiet decisions that defined it.",Steven Iyer,Biography,https://placehold.co/400x600/3d405b/ffffff.png?text=Memoir%20of%20the%20Public%20Eye&font=roboto,175,0
The Legacy of a Life of Reinvention,"The Legacy of a Life of Reinvention charts a singular life spent navigating a life of reinvention, offering an honest look at the ambitions, failures, and quiet decisions that defined it.",Thomas O'Connell,Biography,https://placehold.co/400x600/3d405b/ffffff.png?text=The%20Legacy%20of%20a%20Life%20of%20Reinvention&font=roboto,237,0
The Legacy of an Uncertain Career,"The Legacy of an Uncertain Career charts a singular life spent navigating an uncertain career, offering an honest look at the ambitions, failures, and quiet decisions that defined it.",Chiara Thorne,Biography,https://placehold.co/400x600/3d405b/ffffff.png?text=The%20Legacy%20of%20an%20Uncertain%20Career&font=roboto,280,0
Voice of a Life of Reinvention,"Voice of a Life of Reinvention charts a singular life spent navigating a life of reinvention, offering an honest look at the ambitions, failures, and quiet decisions that defined it.",Linda Grant,Biography,https://placehold.co/400x600/3d405b/ffffff.png?text=Voice%20of%20a%20Life%20of%20Reinvention&font=roboto,679,0
Portrait of the Public Eye,"Portrait of the Public Eye charts a singular life spent navigating the public eye, offering an honest look at the ambitions, failures, and quiet decisions that defined it.",Carol Lockhart,Biography,https://placehold.co/400x600/3d405b/ffffff.png?text=Portrait%20of%20the%20Public%20Eye&font=roboto,503,0
The Path of the Public Eye,"The Path of the Public Eye charts a singular life spent navigating the public eye, offering an honest look at the ambitions, failures, and quiet decisions that defined it.",Emily Sinclair,Biography,https://placehold.co/400x600/3d405b/ffffff.png?text=The%20Path%20of%20the%20Public%20Eye&font=roboto,789,0
The Portrait of a Life of Reinvention,"The Portrait of a Life of Reinvention charts a singular life spent navigating a life of reinvention, offering an honest look at the ambitions, failures, and quiet decisions that defined it.",Karen Ellison,Biography,https://placehold.co/400x600/3d405b/ffffff.png?text=The%20Portrait%20of%20a%20Life%20of%20Reinvention&font=roboto,823,0
The Habits of Daily Life,"The Habits of Daily Life offers a grounded, practical framework for building better habits in daily life, without relying on shortcuts or unrealistic promises.",Jennifer Andersen,Self-Help,https://placehold.co/400x600/588157/ffffff.png?text=The%20Habits%20of%20Daily%20Life&font=roboto,420,0
Habits of Everyday Routines,"Habits of Everyday Routines offers a grounded, practical framework for building better habits in everyday routines, without relying on shortcuts or unrealistic promises.",Oliver Redwood,Self-Help,https://placehold.co/400x600/588157/ffffff.png?text=Habits%20of%20Everyday%20Routines&font=roboto,806,0
The Discipline of Everyday Routines,"The Discipline of Everyday Routines offers a grounded, practical framework for building better habits in everyday routines, without relying on shortcuts or unrealistic promises.",Kenneth Osei,Self-Help,https://placehold.co/400x600/588157/ffffff.png?text=The%20Discipline%20of%20Everyday%20Routines&font=roboto,223,0
The Simple Balance,"The Simple Balance offers a grounded, practical framework for building better habits in everyday routines, without relying on shortcuts or unrealistic promises.",Hiroshi Osei,Self-Help,https://placehold.co/400x600/588157/ffffff.png?text=The%20Simple%20Balance&font=roboto,357,0
The Clarity of Uncertain Times,"The Clarity of Uncertain Times offers a grounded, practical framework for building better habits in uncertain times, without relying on shortcuts or unrealistic promises.",George Hartley,Self-Help,https://placehold.co/400x600/588157/ffffff.png?text=The%20Clarity%20of%20Uncertain%20Times&font=roboto,282,0
The Clarity of a Distracted World,"The Clarity of a Distracted World offers a grounded, practical framework for building better habits in a distracted world, without relying on shortcuts or unrealistic promises.",Aditya Grant,Self-Help,https://placehold.co/400x600/588157/ffffff.png?text=The%20Clarity%20of%20a%20Distracted%20World&font=roboto,422,0
Lasting Focus,"Lasting Focus offers a grounded, practical framework for building better habits in daily life, without relying on shortcuts or unrealistic promises.",Michael Redwood,Self-Help,https://placehold.co/400x600/588157/ffffff.png?text=Lasting%20Focus&font=roboto,542,0
The Focus of Everyday Routines,"The Focus of Everyday Routines offers a grounded, practical framework for building better habits in everyday routines, without relying on shortcuts or unrealistic promises.",Lucas Osei,Self-Help,https://placehold.co/400x600/588157/ffffff.png?text=The%20Focus%20of%20Everyday%20Routines&font=roboto,659,0
Steady Discipline,"Steady Discipline offers a grounded, practical framework for building better habits in a distracted world, without relying on shortcuts or unrealistic promises.",Melissa Morgan,Self-Help,https://placehold.co/400x600/588157/ffffff.png?text=Steady%20Discipline&font=roboto,200,0
The Balance of Uncertain Times,"The Balance of Uncertain Times offers a grounded, practical framework for building better habits in uncertain times, without relying on shortcuts or unrealistic promises.",Freya Carter,Self-Help,https://placehold.co/400x600/588157/ffffff.png?text=The%20Balance%20of%20Uncertain%20Times&font=roboto,259,0
Simple Change,"Simple Change offers a grounded, practical framework for building better habits in uncertain times, without relying on shortcuts or unrealistic promises.",Arjun Blackwood,Self-Help,https://placehold.co/400x600/588157/ffffff.png?text=Simple%20Change&font=roboto,195,0
Small Discipline,"Small Discipline offers a grounded, practical framework for building better habits in uncertain times, without relying on shortcuts or unrealistic promises.",Joshua Reed,Self-Help,https://placehold.co/400x600/588157/ffffff.png?text=Small%20Discipline&font=roboto,544,0
Honest Choices,"Honest Choices offers a grounded, practical framework for building better habits in a distracted world, without relying on shortcuts or unrealistic promises.",Richard Hartley,Self-Help,https://placehold.co/400x600/588157/ffffff.png?text=Honest%20Choices&font=roboto,531,0
The Focus of a Distracted World,"The Focus of a Distracted World offers a grounded, practical framework for building better habits in a distracted world, without relying on shortcuts or unrealistic promises.",Lucas Hartley,Self-Help,https://placehold.co/400x600/588157/ffffff.png?text=The%20Focus%20of%20a%20Distracted%20World&font=roboto,661,0
The Small Habits,"The Small Habits offers a grounded, practical framework for building better habits in a distracted world, without relying on shortcuts or unrealistic promises.",Brian Sharma,Self-Help,https://placehold.co/400x600/588157/ffffff.png?text=The%20Small%20Habits&font=roboto,680,0
Simple Focus,"Simple Focus offers a grounded, practical framework for building better habits in uncertain times, without relying on shortcuts or unrealistic promises.",Kevin Ellison,Self-Help,https://placehold.co/400x600/588157/ffffff.png?text=Simple%20Focus&font=roboto,551,0
Small Clarity,"Small Clarity offers a grounded, practical framework for building better habits in uncertain times, without relying on shortcuts or unrealistic promises.",Joseph Kensington,Self-Help,https://placehold.co/400x600/588157/ffffff.png?text=Small%20Clarity&font=roboto,746,0
Balance of a Distracted World,"Balance of a Distracted World offers a grounded, practical framework for building better habits in a distracted world, without relying on shortcuts or unrealistic promises.",Noah O'Connell,Self-Help,https://placehold.co/400x600/588157/ffffff.png?text=Balance%20of%20a%20Distracted%20World&font=roboto,538,0
Habits of Daily Life,"Habits of Daily Life offers a grounded, practical framework for building better habits in daily life, without relying on shortcuts or unrealistic promises.",Anthony Bennett,Self-Help,https://placehold.co/400x600/588157/ffffff.png?text=Habits%20of%20Daily%20Life&font=roboto,600,0
Balance of Daily Life,"Balance of Daily Life offers a grounded, practical framework for building better habits in daily life, without relying on shortcuts or unrealistic promises.",Sarah Nakamura,Self-Help,https://placehold.co/400x600/588157/ffffff.png?text=Balance%20of%20Daily%20Life&font=roboto,361,0
The Growth of Uncertain Times,"The Growth of Uncertain Times offers a grounded, practical framework for building better habits in uncertain times, without relying on shortcuts or unrealistic promises.",Matthew Osei,Self-Help,https://placehold.co/400x600/588157/ffffff.png?text=The%20Growth%20of%20Uncertain%20Times&font=roboto,694,0
The Change of Everyday Routines,"The Change of Everyday Routines offers a grounded, practical framework for building better habits in everyday routines, without relying on shortcuts or unrealistic promises.",Anthony Sutton,Self-Help,https://placehold.co/400x600/588157/ffffff.png?text=The%20Change%20of%20Everyday%20Routines&font=roboto,434,0
The Change of Uncertain Times,"The Change of Uncertain Times offers a grounded, practical framework for building better habits in uncertain times, without relying on shortcuts or unrealistic promises.",Mark Iyer,Self-Help,https://placehold.co/400x600/588157/ffffff.png?text=The%20Change%20of%20Uncertain%20Times&font=roboto,473,0
Quiet Change,"Quiet Change offers a grounded, practical framework for building better habits in uncertain times, without relying on shortcuts or unrealistic promises.",Jessica Andersen,Self-Help,https://placehold.co/400x600/588157/ffffff.png?text=Quiet%20Change&font=roboto,841,0
Practical Clarity,"Practical Clarity offers a grounded, practical framework for building better habits in a distracted world, without relying on shortcuts or unrealistic promises.",Donna Hayes,Self-Help,https://placehold.co/400x600/588157/ffffff.png?text=Practical%20Clarity&font=roboto,443,0
The Quiet Balance,"The Quiet Balance offers a grounded, practical framework for building better habits in uncertain times, without relying on shortcuts or unrealistic promises.",Hiroshi Pierce,Self-Help,https://placehold.co/400x600/588157/ffffff.png?text=The%20Quiet%20Balance&font=roboto,355,0
The Focus of Daily Life,"The Focus of Daily Life offers a grounded, practical framework for building better habits in daily life, without relying on shortcuts or unrealistic promises.",Steven Sutton,Self-Help,https://placehold.co/400x600/588157/ffffff.png?text=The%20Focus%20of%20Daily%20Life&font=roboto,200,0
Quiet Balance,"Quiet Balance offers a grounded, practical framework for building better habits in daily life, without relying on shortcuts or unrealistic promises.",Sarah Carter,Self-Help,https://placehold.co/400x600/588157/ffffff.png?text=Quiet%20Balance&font=roboto,712,0
Balance of Everyday Routines,"Balance of Everyday Routines offers a grounded, practical framework for building better habits in everyday routines, without relying on shortcuts or unrealistic promises.",Betty Redwood,Self-Help,https://placehold.co/400x600/588157/ffffff.png?text=Balance%20of%20Everyday%20Routines&font=roboto,477,0
The Choices of a Distracted World,"The Choices of a Distracted World offers a grounded, practical framework for building better habits in a distracted world, without relying on shortcuts or unrealistic promises.",Freya Hayes,Self-Help,https://placehold.co/400x600/588157/ffffff.png?text=The%20Choices%20of%20a%20Distracted%20World&font=roboto,328,0
Simple Habits,"Simple Habits offers a grounded, practical framework for building better habits in everyday routines, without relying on shortcuts or unrealistic promises.",Mateo Marsh,Self-Help,https://placehold.co/400x600/588157/ffffff.png?text=Simple%20Habits&font=roboto,445,0
The Small Change,"The Small Change offers a grounded, practical framework for building better habits in daily life, without relying on shortcuts or unrealistic promises.",Brian Redwood,Self-Help,https://placehold.co/400x600/588157/ffffff.png?text=The%20Small%20Change&font=roboto,614,0
Simple Balance,"Simple Balance offers a grounded, practical framework for building better habits in uncertain times, without relying on shortcuts or unrealistic promises.",Anthony Grant,Self-Help,https://placehold.co/400x600/588157/ffffff.png?text=Simple%20Balance&font=roboto,487,0
Change of a Distracted World,"Change of a Distracted World offers a grounded, practical framework for building better habits in a distracted world, without relying on shortcuts or unrealistic promises.",Mary Merrick,Self-Help,https://placehold.co/400x600/588157/ffffff.png?text=Change%20of%20a%20Distracted%20World&font=roboto,451,0
Growth of Everyday Routines,"Growth of Everyday Routines offers a grounded, practical framework for building better habits in everyday routines, without relying on shortcuts or unrealistic promises.",Lucas Callahan,Self-Help,https://placehold.co/400x600/588157/ffffff.png?text=Growth%20of%20Everyday%20Routines&font=roboto,237,0
Deliberate Focus,"Deliberate Focus offers a grounded, practical framework for building better habits in a distracted world, without relying on shortcuts or unrealistic promises.",Hiroshi Callahan,Self-Help,https://placehold.co/400x600/588157/ffffff.png?text=Deliberate%20Focus&font=roboto,403,0
The Honest Growth,"The Honest Growth offers a grounded, practical framework for building better habits in a distracted world, without relying on shortcuts or unrealistic promises.",Rahul Vance,Self-Help,https://placehold.co/400x600/588157/ffffff.png?text=The%20Honest%20Growth&font=roboto,486,0
Choices of Everyday Routines,"Choices of Everyday Routines offers a grounded, practical framework for building better habits in everyday routines, without relying on shortcuts or unrealistic promises.",Michelle Ellison,Self-Help,https://placehold.co/400x600/588157/ffffff.png?text=Choices%20of%20Everyday%20Routines&font=roboto,564,0
Focus of Everyday Routines,"Focus of Everyday Routines offers a grounded, practical framework for building better habits in everyday routines, without relying on shortcuts or unrealistic promises.",Karen Osei,Self-Help,https://placehold.co/400x600/588157/ffffff.png?text=Focus%20of%20Everyday%20Routines&font=roboto,769,0
The Balance of a Distracted World,"The Balance of a Distracted World offers a grounded, practical framework for building better habits in a distracted world, without relying on shortcuts or unrealistic promises.",Ashley Rossi,Self-Help,https://placehold.co/400x600/588157/ffffff.png?text=The%20Balance%20of%20a%20Distracted%20World&font=roboto,232,0
Quiet Choices,"Quiet Choices offers a grounded, practical framework for building better habits in daily life, without relying on shortcuts or unrealistic promises.",Linda Petrov,Self-Help,https://placehold.co/400x600/588157/ffffff.png?text=Quiet%20Choices&font=roboto,666,0
Focus of Uncertain Times,"Focus of Uncertain Times offers a grounded, practical framework for building better habits in uncertain times, without relying on shortcuts or unrealistic promises.",Chiara Delacroix,Self-Help,https://placehold.co/400x600/588157/ffffff.png?text=Focus%20of%20Uncertain%20Times&font=roboto,268,0
The Steady Focus,"The Steady Focus offers a grounded, practical framework for building better habits in everyday routines, without relying on shortcuts or unrealistic promises.",Divya Andersen,Self-Help,https://placehold.co/400x600/588157/ffffff.png?text=The%20Steady%20Focus&font=roboto,208,0
Honest Habits,"Honest Habits offers a grounded, practical framework for building better habits in everyday routines, without relying on shortcuts or unrealistic promises.",Paul Carter,Self-Help,https://placehold.co/400x600/588157/ffffff.png?text=Honest%20Habits&font=roboto,372,0
The Small Growth,"The Small Growth offers a grounded, practical framework for building better habits in uncertain times, without relying on shortcuts or unrealistic promises.",David Kobayashi,Self-Help,https://placehold.co/400x600/588157/ffffff.png?text=The%20Small%20Growth&font=roboto,210,0
The Steady Habits,"The Steady Habits offers a grounded, practical framework for building better habits in uncertain times, without relying on shortcuts or unrealistic promises.",Kavya Marsh,Self-Help,https://placehold.co/400x600/588157/ffffff.png?text=The%20Steady%20Habits&font=roboto,287,0
Quiet Growth,"Quiet Growth offers a grounded, practical framework for building better habits in everyday routines, without relying on shortcuts or unrealistic promises.",Ronald Winters,Self-Help,https://placehold.co/400x600/588157/ffffff.png?text=Quiet%20Growth&font=roboto,231,0
Choices of a Distracted World,"Choices of a Distracted World offers a grounded, practical framework for building better habits in a distracted world, without relying on shortcuts or unrealistic promises.",Freya Hartley,Self-Help,https://placehold.co/400x600/588157/ffffff.png?text=Choices%20of%20a%20Distracted%20World&font=roboto,690,0
The Growth of Everyday Routines,"The Growth of Everyday Routines offers a grounded, practical framework for building better habits in everyday routines, without relying on shortcuts or unrealistic promises.",Sandra Sutton,Self-Help,https://placehold.co/400x600/588157/ffffff.png?text=The%20Growth%20of%20Everyday%20Routines&font=roboto,620,0
The Change of a Distracted World,"The Change of a Distracted World offers a grounded, practical framework for building better habits in a distracted world, without relying on shortcuts or unrealistic promises.",Joseph Hayes,Self-Help,https://placehold.co/400x600/588157/ffffff.png?text=The%20Change%20of%20a%20Distracted%20World&font=roboto,825,0
The Deliberate Habits,"The Deliberate Habits offers a grounded, practical framework for building better habits in everyday routines, without relying on shortcuts or unrealistic promises.",Michael Sutton,Self-Help,https://placehold.co/400x600/588157/ffffff.png?text=The%20Deliberate%20Habits&font=roboto,194,0
The Simple Change,"The Simple Change offers a grounded, practical framework for building better habits in a distracted world, without relying on shortcuts or unrealistic promises.",Kevin Andersen,Self-Help,https://placehold.co/400x600/588157/ffffff.png?text=The%20Simple%20Change&font=roboto,761,0
Change of Uncertain Times,"Change of Uncertain Times offers a grounded, practical framework for building better habits in uncertain times, without relying on shortcuts or unrealistic promises.",Linda Petrov,Self-Help,https://placehold.co/400x600/588157/ffffff.png?text=Change%20of%20Uncertain%20Times&font=roboto,754,0
The Clarity of Everyday Routines,"The Clarity of Everyday Routines offers a grounded, practical framework for building better habits in everyday routines, without relying on shortcuts or unrealistic promises.",Kavya Whitfield,Self-Help,https://placehold.co/400x600/588157/ffffff.png?text=The%20Clarity%20of%20Everyday%20Routines&font=roboto,456,0
The Practical Growth,"The Practical Growth offers a grounded, practical framework for building better habits in a distracted world, without relying on shortcuts or unrealistic promises.",Stephanie Sutton,Self-Help,https://placehold.co/400x600/588157/ffffff.png?text=The%20Practical%20Growth&font=roboto,410,0
The Discipline of Daily Life,"The Discipline of Daily Life offers a grounded, practical framework for building better habits in daily life, without relying on shortcuts or unrealistic promises.",Andrew Winters,Self-Help,https://placehold.co/400x600/588157/ffffff.png?text=The%20Discipline%20of%20Daily%20Life&font=roboto,838,0
The Deliberate Discipline,"The Deliberate Discipline offers a grounded, practical framework for building better habits in a distracted world, without relying on shortcuts or unrealistic promises.",Hiroshi Pierce,Self-Help,https://placehold.co/400x600/588157/ffffff.png?text=The%20Deliberate%20Discipline&font=roboto,489,0
The Discipline of a Distracted World,"The Discipline of a Distracted World offers a grounded, practical framework for building better habits in a distracted world, without relying on shortcuts or unrealistic promises.",Jessica Sharma,Self-Help,https://placehold.co/400x600/588157/ffffff.png?text=The%20Discipline%20of%20a%20Distracted%20World&font=roboto,397,0
Discipline of Uncertain Times,"Discipline of Uncertain Times offers a grounded, practical framework for building better habits in uncertain times, without relying on shortcuts or unrealistic promises.",Joshua Winters,Self-Help,https://placehold.co/400x600/588157/ffffff.png?text=Discipline%20of%20Uncertain%20Times&font=roboto,626,0
Steady Choices,"Steady Choices offers a grounded, practical framework for building better habits in everyday routines, without relying on shortcuts or unrealistic promises.",Kevin Pierce,Self-Help,https://placehold.co/400x600/588157/ffffff.png?text=Steady%20Choices&font=roboto,528,0
The Habits of a Distracted World,"The Habits of a Distracted World offers a grounded, practical framework for building better habits in a distracted world, without relying on shortcuts or unrealistic promises.",Charles Bennett,Self-Help,https://placehold.co/400x600/588157/ffffff.png?text=The%20Habits%20of%20a%20Distracted%20World&font=roboto,416,0
Honest Focus,"Honest Focus offers a grounded, practical framework for building better habits in a distracted world, without relying on shortcuts or unrealistic promises.",Brian Lockhart,Self-Help,https://placehold.co/400x600/588157/ffffff.png?text=Honest%20Focus&font=roboto,537,0
Rebellion of a Collapsing Metropolis,"Rebellion of a Collapsing Metropolis follows a team of unlikely heroes defending a collapsing metropolis, blending sharp dialogue with high-stakes, richly illustrated action.",Elena Iyer,Comic,https://placehold.co/400x600/9d0208/ffffff.png?text=Rebellion%20of%20a%20Collapsing%20Metropolis&font=roboto,620,0
Watch of the Underworld,"Watch of the Underworld follows a team of unlikely heroes defending the underworld, blending sharp dialogue with high-stakes, richly illustrated action.",Oliver Iyer,Comic,https://placehold.co/400x600/9d0208/ffffff.png?text=Watch%20of%20the%20Underworld&font=roboto,337,0
The Neon Legion,"The Neon Legion follows a team of unlikely heroes defending a fractured city, blending sharp dialogue with high-stakes, richly illustrated action.",James Kensington,Comic,https://placehold.co/400x600/9d0208/ffffff.png?text=The%20Neon%20Legion&font=roboto,289,0
Watch of a Fractured City,"Watch of a Fractured City follows a team of unlikely heroes defending a fractured city, blending sharp dialogue with high-stakes, richly illustrated action.",Margaret Kapoor,Comic,https://placehold.co/400x600/9d0208/ffffff.png?text=Watch%20of%20a%20Fractured%20City&font=roboto,615,0
The Squad of the Edge of the Law,"The Squad of the Edge of the Law follows a team of unlikely heroes defending the edge of the law, blending sharp dialogue with high-stakes, richly illustrated action.",Robert Carter,Comic,https://placehold.co/400x600/9d0208/ffffff.png?text=The%20Squad%20of%20the%20Edge%20of%20the%20Law&font=roboto,693,0
Neon Vigilante,"Neon Vigilante follows a team of unlikely heroes defending a collapsing metropolis, blending sharp dialogue with high-stakes, richly illustrated action.",Freya Redwood,Comic,https://placehold.co/400x600/9d0208/ffffff.png?text=Neon%20Vigilante&font=roboto,166,0
Midnight Legion,"Midnight Legion follows a team of unlikely heroes defending a fractured city, blending sharp dialogue with high-stakes, richly illustrated action.",Noah Whitfield,Comic,https://placehold.co/400x600/9d0208/ffffff.png?text=Midnight%20Legion&font=roboto,395,0
Shattered Rebellion,"Shattered Rebellion follows a team of unlikely heroes defending the edge of the law, blending sharp dialogue with high-stakes, richly illustrated action.",Divya Andersen,Comic,https://placehold.co/400x600/9d0208/ffffff.png?text=Shattered%20Rebellion&font=roboto,398,0
Legion of a Fractured City,"Legion of a Fractured City follows a team of unlikely heroes defending a fractured city, blending sharp dialogue with high-stakes, richly illustrated action.",Barbara Hartley,Comic,https://placehold.co/400x600/9d0208/ffffff.png?text=Legion%20of%20a%20Fractured%20City&font=roboto,537,0
Last Vigilante,"Last Vigilante follows a team of unlikely heroes defending a fractured city, blending sharp dialogue with high-stakes, richly illustrated action.",Nancy Foster,Comic,https://placehold.co/400x600/9d0208/ffffff.png?text=Last%20Vigilante&font=roboto,660,0
Silent Legion,"Silent Legion follows a team of unlikely heroes defending a fractured city, blending sharp dialogue with high-stakes, richly illustrated action.",Sandra Pierce,Comic,https://placehold.co/400x600/9d0208/ffffff.png?text=Silent%20Legion&font=roboto,857,0
Iron Vigilante,"Iron Vigilante follows a team of unlikely heroes defending a fractured city, blending sharp dialogue with high-stakes, richly illustrated action.",Emily Kobayashi,Comic,https://placehold.co/400x600/9d0208/ffffff.png?text=Iron%20Vigilante&font=roboto,726,0
The Midnight Rebellion,"The Midnight Rebellion follows a team of unlikely heroes defending a fractured city, blending sharp dialogue with high-stakes, richly illustrated action.",Mark Moreau,Comic,https://placehold.co/400x600/9d0208/ffffff.png?text=The%20Midnight%20Rebellion&font=roboto,296,0
Shattered Origin,"Shattered Origin follows a team of unlikely heroes defending the underworld, blending sharp dialogue with high-stakes, richly illustrated action.",Steven Andersen,Comic,https://placehold.co/400x600/9d0208/ffffff.png?text=Shattered%20Origin&font=roboto,547,0
The Watch of a Fractured City,"The Watch of a Fractured City follows a team of unlikely heroes defending a fractured city, blending sharp dialogue with high-stakes, richly illustrated action.",Sofia Thorne,Comic,https://placehold.co/400x600/9d0208/ffffff.png?text=The%20Watch%20of%20a%20Fractured%20City&font=roboto,203,0
The Crimson Syndicate,"The Crimson Syndicate follows a team of unlikely heroes defending a fractured city, blending sharp dialogue with high-stakes, richly illustrated action.",Amanda Rossi,Comic,https://placehold.co/400x600/9d0208/ffffff.png?text=The%20Crimson%20Syndicate&font=roboto,777,0
Silent Vigilante,"Silent Vigilante follows a team of unlikely heroes defending a collapsing metropolis, blending sharp dialogue with high-stakes, richly illustrated action.",Rahul Iyer,Comic,https://placehold.co/400x600/9d0208/ffffff.png?text=Silent%20Vigilante&font=roboto,382,0
The Guardian of the Underworld,"The Guardian of the Underworld follows a team of unlikely heroes defending the underworld, blending sharp dialogue with high-stakes, richly illustrated action.",Ronald Foster,Comic,https://placehold.co/400x600/9d0208/ffffff.png?text=The%20Guardian%20of%20the%20Underworld&font=roboto,782,0
The Legion of a Fractured City,"The Legion of a Fractured City follows a team of unlikely heroes defending a fractured city, blending sharp dialogue with high-stakes, richly illustrated action.",Andrew Whitfield,Comic,https://placehold.co/400x600/9d0208/ffffff.png?text=The%20Legion%20of%20a%20Fractured%20City&font=roboto,538,0
The Shattered Vigilante,"The Shattered Vigilante follows a team of unlikely heroes defending a collapsing metropolis, blending sharp dialogue with high-stakes, richly illustrated action.",Meera Blackwood,Comic,https://placehold.co/400x600/9d0208/ffffff.png?text=The%20Shattered%20Vigilante&font=roboto,425,0
The Midnight Legion,"The Midnight Legion follows a team of unlikely heroes defending the underworld, blending sharp dialogue with high-stakes, richly illustrated action.",Vikram Delacroix,Comic,https://placehold.co/400x600/9d0208/ffffff.png?text=The%20Midnight%20Legion&font=roboto,719,0
Shattered Vigilante,"Shattered Vigilante follows a team of unlikely heroes defending a fractured city, blending sharp dialogue with high-stakes, richly illustrated action.",Melissa Petrov,Comic,https://placehold.co/400x600/9d0208/ffffff.png?text=Shattered%20Vigilante&font=roboto,244,0
The Vigilante of a Collapsing Metropolis,"The Vigilante of a Collapsing Metropolis follows a team of unlikely heroes defending a collapsing metropolis, blending sharp dialogue with high-stakes, richly illustrated action.",Kavya Winters,Comic,https://placehold.co/400x600/9d0208/ffffff.png?text=The%20Vigilante%20of%20a%20Collapsing%20Metropolis&font=roboto,235,0
Guardian of the Underworld,"Guardian of the Underworld follows a team of unlikely heroes defending the underworld, blending sharp dialogue with high-stakes, richly illustrated action.",Sarah Vance,Comic,https://placehold.co/400x600/9d0208/ffffff.png?text=Guardian%20of%20the%20Underworld&font=roboto,457,0
Origin of the Edge of the Law,"Origin of the Edge of the Law follows a team of unlikely heroes defending the edge of the law, blending sharp dialogue with high-stakes, richly illustrated action.",Kenneth Sharma,Comic,https://placehold.co/400x600/9d0208/ffffff.png?text=Origin%20of%20the%20Edge%20of%20the%20Law&font=roboto,227,0
The Syndicate of the Edge of the Law,"The Syndicate of the Edge of the Law follows a team of unlikely heroes defending the edge of the law, blending sharp dialogue with high-stakes, richly illustrated action.",Betty Osei,Comic,https://placehold.co/400x600/9d0208/ffffff.png?text=The%20Syndicate%20of%20the%20Edge%20of%20the%20Law&font=roboto,258,0
Vigilante of the Edge of the Law,"Vigilante of the Edge of the Law follows a team of unlikely heroes defending the edge of the law, blending sharp dialogue with high-stakes, richly illustrated action.",Brian O'Connell,Comic,https://placehold.co/400x600/9d0208/ffffff.png?text=Vigilante%20of%20the%20Edge%20of%20the%20Law&font=roboto,538,0
The Rebellion of the Edge of the Law,"The Rebellion of the Edge of the Law follows a team of unlikely heroes defending the edge of the law, blending sharp dialogue with high-stakes, richly illustrated action.",Sarah Ashford,Comic,https://placehold.co/400x600/9d0208/ffffff.png?text=The%20Rebellion%20of%20the%20Edge%20of%20the%20Law&font=roboto,477,0
Rebellion of the Underworld,"Rebellion of the Underworld follows a team of unlikely heroes defending the underworld, blending sharp dialogue with high-stakes, richly illustrated action.",Priya Callahan,Comic,https://placehold.co/400x600/9d0208/ffffff.png?text=Rebellion%20of%20the%20Underworld&font=roboto,447,0
Rogue Rebellion,"Rogue Rebellion follows a team of unlikely heroes defending the edge of the law, blending sharp dialogue with high-stakes, richly illustrated action.",Emily Hartley,Comic,https://placehold.co/400x600/9d0208/ffffff.png?text=Rogue%20Rebellion&font=roboto,522,0
The Rogue Watch,"The Rogue Watch follows a team of unlikely heroes defending a fractured city, blending sharp dialogue with high-stakes, richly illustrated action.",Aditya Pierce,Comic,https://placehold.co/400x600/9d0208/ffffff.png?text=The%20Rogue%20Watch&font=roboto,597,0
The Guardian of the Edge of the Law,"The Guardian of the Edge of the Law follows a team of unlikely heroes defending the edge of the law, blending sharp dialogue with high-stakes, richly illustrated action.",Sarah Ashford,Comic,https://placehold.co/400x600/9d0208/ffffff.png?text=The%20Guardian%20of%20the%20Edge%20of%20the%20Law&font=roboto,396,0
The Last Squad,"The Last Squad follows a team of unlikely heroes defending the edge of the law, blending sharp dialogue with high-stakes, richly illustrated action.",Freya Kapoor,Comic,https://placehold.co/400x600/9d0208/ffffff.png?text=The%20Last%20Squad&font=roboto,857,0
Neon Rebellion,"Neon Rebellion follows a team of unlikely heroes defending a fractured city, blending sharp dialogue with high-stakes, richly illustrated action.",Susan Sutton,Comic,https://placehold.co/400x600/9d0208/ffffff.png?text=Neon%20Rebellion&font=roboto,822,0
The Vigilante of the Edge of the Law,"The Vigilante of the Edge of the Law follows a team of unlikely heroes defending the edge of the law, blending sharp dialogue with high-stakes, richly illustrated action.",Brian Marlow,Comic,https://placehold.co/400x600/9d0208/ffffff.png?text=The%20Vigilante%20of%20the%20Edge%20of%20the%20Law&font=roboto,257,0
The Shattered Origin,"The Shattered Origin follows a team of unlikely heroes defending the underworld, blending sharp dialogue with high-stakes, richly illustrated action.",Lucas Nakamura,Comic,https://placehold.co/400x600/9d0208/ffffff.png?text=The%20Shattered%20Origin&font=roboto,720,0
Rebellion of the Edge of the Law,"Rebellion of the Edge of the Law follows a team of unlikely heroes defending the edge of the law, blending sharp dialogue with high-stakes, richly illustrated action.",Aditya Moreau,Comic,https://placehold.co/400x600/9d0208/ffffff.png?text=Rebellion%20of%20the%20Edge%20of%20the%20Law&font=roboto,856,0
The Iron Guardian,"The Iron Guardian follows a team of unlikely heroes defending a fractured city, blending sharp dialogue with high-stakes, richly illustrated action.",Joseph Whitfield,Comic,https://placehold.co/400x600/9d0208/ffffff.png?text=The%20Iron%20Guardian&font=roboto,505,0
The Squad of the Underworld,"The Squad of the Underworld follows a team of unlikely heroes defending the underworld, blending sharp dialogue with high-stakes, richly illustrated action.",Chiara Sharma,Comic,https://placehold.co/400x600/9d0208/ffffff.png?text=The%20Squad%20of%20the%20Underworld&font=roboto,505,0
Shattered Squad,"Shattered Squad follows a team of unlikely heroes defending the edge of the law, blending sharp dialogue with high-stakes, richly illustrated action.",Kevin Reed,Comic,https://placehold.co/400x600/9d0208/ffffff.png?text=Shattered%20Squad&font=roboto,456,0
The Midnight Syndicate,"The Midnight Syndicate follows a team of unlikely heroes defending the underworld, blending sharp dialogue with high-stakes, richly illustrated action.",Daniel Merrick,Comic,https://placehold.co/400x600/9d0208/ffffff.png?text=The%20Midnight%20Syndicate&font=roboto,722,0
Last Syndicate,"Last Syndicate follows a team of unlikely heroes defending the edge of the law, blending sharp dialogue with high-stakes, richly illustrated action.",Lisa Marsh,Comic,https://placehold.co/400x600/9d0208/ffffff.png?text=Last%20Syndicate&font=roboto,804,0
Crimson Vigilante,"Crimson Vigilante follows a team of unlikely heroes defending the underworld, blending sharp dialogue with high-stakes, richly illustrated action.",Rahul Moreau,Comic,https://placehold.co/400x600/9d0208/ffffff.png?text=Crimson%20Vigilante&font=roboto,588,0
Neon Syndicate,"Neon Syndicate follows a team of unlikely heroes defending the underworld, blending sharp dialogue with high-stakes, richly illustrated action.",Emily Reed,Comic,https://placehold.co/400x600/9d0208/ffffff.png?text=Neon%20Syndicate&font=roboto,740,0
Legion of a Collapsing Metropolis,"Legion of a Collapsing Metropolis follows a team of unlikely heroes defending a collapsing metropolis, blending sharp dialogue with high-stakes, richly illustrated action.",Elena Nakamura,Comic,https://placehold.co/400x600/9d0208/ffffff.png?text=Legion%20of%20a%20Collapsing%20Metropolis&font=roboto,803,0
The Guardian of a Fractured City,"The Guardian of a Fractured City follows a team of unlikely heroes defending a fractured city, blending sharp dialogue with high-stakes, richly illustrated action.",George Thorne,Comic,https://placehold.co/400x600/9d0208/ffffff.png?text=The%20Guardian%20of%20a%20Fractured%20City&font=roboto,617,0
Legion of the Underworld,"Legion of the Underworld follows a team of unlikely heroes defending the underworld, blending sharp dialogue with high-stakes, richly illustrated action.",Kevin Grant,Comic,https://placehold.co/400x600/9d0208/ffffff.png?text=Legion%20of%20the%20Underworld&font=roboto,393,0
The Watch of a Collapsing Metropolis,"The Watch of a Collapsing Metropolis follows a team of unlikely heroes defending a collapsing metropolis, blending sharp dialogue with high-stakes, richly illustrated action.",Charles Kapoor,Comic,https://placehold.co/400x600/9d0208/ffffff.png?text=The%20Watch%20of%20a%20Collapsing%20Metropolis&font=roboto,546,0
Midnight Guardian,"Midnight Guardian follows a team of unlikely heroes defending the edge of the law, blending sharp dialogue with high-stakes, richly illustrated action.",Lisa Iyer,Comic,https://placehold.co/400x600/9d0208/ffffff.png?text=Midnight%20Guardian&font=roboto,799,0
Squad of a Collapsing Metropolis,"Squad of a Collapsing Metropolis follows a team of unlikely heroes defending a collapsing metropolis, blending sharp dialogue with high-stakes, richly illustrated action.",Sarah Marsh,Comic,https://placehold.co/400x600/9d0208/ffffff.png?text=Squad%20of%20a%20Collapsing%20Metropolis&font=roboto,471,0
Midnight Syndicate,"Midnight Syndicate follows a team of unlikely heroes defending the edge of the law, blending sharp dialogue with high-stakes, richly illustrated action.",Sofia Iyer,Comic,https://placehold.co/400x600/9d0208/ffffff.png?text=Midnight%20Syndicate&font=roboto,567,0
Crimson Squad,"Crimson Squad follows a team of unlikely heroes defending the edge of the law, blending sharp dialogue with high-stakes, richly illustrated action.",Nancy Foster,Comic,https://placehold.co/400x600/9d0208/ffffff.png?text=Crimson%20Squad&font=roboto,727,0
The Rogue Origin,"The Rogue Origin follows a team of unlikely heroes defending a fractured city, blending sharp dialogue with high-stakes, richly illustrated action.",Emily Lockhart,Comic,https://placehold.co/400x600/9d0208/ffffff.png?text=The%20Rogue%20Origin&font=roboto,699,0
The Last Syndicate,"The Last Syndicate follows a team of unlikely heroes defending the edge of the law, blending sharp dialogue with high-stakes, richly illustrated action.",Susan Sutton,Comic,https://placehold.co/400x600/9d0208/ffffff.png?text=The%20Last%20Syndicate&font=roboto,453,0
The Last Origin,"The Last Origin follows a team of unlikely heroes defending a collapsing metropolis, blending sharp dialogue with high-stakes, richly illustrated action.",Barbara Delacroix,Comic,https://placehold.co/400x600/9d0208/ffffff.png?text=The%20Last%20Origin&font=roboto,269,0
Syndicate of the Underworld,"Syndicate of the Underworld follows a team of unlikely heroes defending the underworld, blending sharp dialogue with high-stakes, richly illustrated action.",Linda Andersen,Comic,https://placehold.co/400x600/9d0208/ffffff.png?text=Syndicate%20of%20the%20Underworld&font=roboto,508,0
The Rebellion of a Collapsing Metropolis,"The Rebellion of a Collapsing Metropolis follows a team of unlikely heroes defending a collapsing metropolis, blending sharp dialogue with high-stakes, richly illustrated action.",Donna Andersen,Comic,https://placehold.co/400x600/9d0208/ffffff.png?text=The%20Rebellion%20of%20a%20Collapsing%20Metropolis&font=roboto,422,0
The Midnight Guardian,"The Midnight Guardian follows a team of unlikely heroes defending a fractured city, blending sharp dialogue with high-stakes, richly illustrated action.",Emily Sinclair,Comic,https://placehold.co/400x600/9d0208/ffffff.png?text=The%20Midnight%20Guardian&font=roboto,867,0
Watch of a Collapsing Metropolis,"Watch of a Collapsing Metropolis follows a team of unlikely heroes defending a collapsing metropolis, blending sharp dialogue with high-stakes, richly illustrated action.",Ashley Hartley,Comic,https://placehold.co/400x600/9d0208/ffffff.png?text=Watch%20of%20a%20Collapsing%20Metropolis&font=roboto,650,0
Guardian of the Edge of the Law,"Guardian of the Edge of the Law follows a team of unlikely heroes defending the edge of the law, blending sharp dialogue with high-stakes, richly illustrated action.",Rahul Reed,Comic,https://placehold.co/400x600/9d0208/ffffff.png?text=Guardian%20of%20the%20Edge%20of%20the%20Law&font=roboto,797,0
The Crimson Origin,"The Crimson Origin follows a team of unlikely heroes defending a collapsing metropolis, blending sharp dialogue with high-stakes, richly illustrated action.",Divya Iyer,Comic,https://placehold.co/400x600/9d0208/ffffff.png?text=The%20Crimson%20Origin&font=roboto,484,0
The Shattered Squad,"The Shattered Squad follows a team of unlikely heroes defending a collapsing metropolis, blending sharp dialogue with high-stakes, richly illustrated action.",David Kobayashi,Comic,https://placehold.co/400x600/9d0208/ffffff.png?text=The%20Shattered%20Squad&font=roboto,556,0
Alibi of a Locked Room,"When a case in a locked room refuses to add up, Alibi of a Locked Room follows a determined investigator peeling back layers of deception before the truth surfaces.",Andrew Callahan,Mystery,https://placehold.co/400x600/22223b/ffffff.png?text=Alibi%20of%20a%20Locked%20Room&font=roboto,439,0
The Verdict of a Foggy Precinct,"When a case in a foggy precinct refuses to add up, The Verdict of a Foggy Precinct follows a determined investigator peeling back layers of deception before the truth surfaces.",Michael Hayes,Mystery,https://placehold.co/400x600/22223b/ffffff.png?text=The%20Verdict%20of%20a%20Foggy%20Precinct&font=roboto,250,0
Silent Case,"When a case in an isolated manor refuses to add up, Silent Case follows a determined investigator peeling back layers of deception before the truth surfaces.",Meera Osei,Mystery,https://placehold.co/400x600/22223b/ffffff.png?text=Silent%20Case&font=roboto,149,0
Hidden Letter,"When a case in a foggy precinct refuses to add up, Hidden Letter follows a determined investigator peeling back layers of deception before the truth surfaces.",Daniel Vance,Mystery,https://placehold.co/400x600/22223b/ffffff.png?text=Hidden%20Letter&font=roboto,244,0
The Case of a Foggy Precinct,"When a case in a foggy precinct refuses to add up, The Case of a Foggy Precinct follows a determined investigator peeling back layers of deception before the truth surfaces.",Nancy Morgan,Mystery,https://placehold.co/400x600/22223b/ffffff.png?text=The%20Case%20of%20a%20Foggy%20Precinct&font=roboto,554,0
The Suspect of a Small Coastal Town,"When a case in a small coastal town refuses to add up, The Suspect of a Small Coastal Town follows a determined investigator peeling back layers of deception before the truth surfaces.",Richard Carter,Mystery,https://placehold.co/400x600/22223b/ffffff.png?text=The%20Suspect%20of%20a%20Small%20Coastal%20Town&font=roboto,367,0
Missing Letter,"When a case in an isolated manor refuses to add up, Missing Letter follows a determined investigator peeling back layers of deception before the truth surfaces.",Chiara Delacroix,Mystery,https://placehold.co/400x600/22223b/ffffff.png?text=Missing%20Letter&font=roboto,158,0
The Vanishing Case,"When a case in a locked room refuses to add up, The Vanishing Case follows a determined investigator peeling back layers of deception before the truth surfaces.",Thomas Sharma,Mystery,https://placehold.co/400x600/22223b/ffffff.png?text=The%20Vanishing%20Case&font=roboto,221,0
Case of a Small Coastal Town,"When a case in a small coastal town refuses to add up, Case of a Small Coastal Town follows a determined investigator peeling back layers of deception before the truth surfaces.",Susan Callahan,Mystery,https://placehold.co/400x600/22223b/ffffff.png?text=Case%20of%20a%20Small%20Coastal%20Town&font=roboto,525,0
The Suspect of an Isolated Manor,"When a case in an isolated manor refuses to add up, The Suspect of an Isolated Manor follows a determined investigator peeling back layers of deception before the truth surfaces.",Charles Reed,Mystery,https://placehold.co/400x600/22223b/ffffff.png?text=The%20Suspect%20of%20an%20Isolated%20Manor&font=roboto,692,0
The Final Verdict,"When a case in a foggy precinct refuses to add up, The Final Verdict follows a determined investigator peeling back layers of deception before the truth surfaces.",Margaret Whitfield,Mystery,https://placehold.co/400x600/22223b/ffffff.png?text=The%20Final%20Verdict&font=roboto,570,0
Hidden Case,"When a case in a small coastal town refuses to add up, Hidden Case follows a determined investigator peeling back layers of deception before the truth surfaces.",Sarah Grant,Mystery,https://placehold.co/400x600/22223b/ffffff.png?text=Hidden%20Case&font=roboto,752,0
Vanishing Suspect,"When a case in a foggy precinct refuses to add up, Vanishing Suspect follows a determined investigator peeling back layers of deception before the truth surfaces.",Sarah Sutton,Mystery,https://placehold.co/400x600/22223b/ffffff.png?text=Vanishing%20Suspect&font=roboto,432,0
The Hidden Confession,"When a case in a small coastal town refuses to add up, The Hidden Confession follows a determined investigator peeling back layers of deception before the truth surfaces.",Kenneth Pierce,Mystery,https://placehold.co/400x600/22223b/ffffff.png?text=The%20Hidden%20Confession&font=roboto,679,0
Confession of a Small Coastal Town,"When a case in a small coastal town refuses to add up, Confession of a Small Coastal Town follows a determined investigator peeling back layers of deception before the truth surfaces.",Steven Iyer,Mystery,https://placehold.co/400x600/22223b/ffffff.png?text=Confession%20of%20a%20Small%20Coastal%20Town&font=roboto,544,0
The Hidden Verdict,"When a case in a small coastal town refuses to add up, The Hidden Verdict follows a determined investigator peeling back layers of deception before the truth surfaces.",Noah Carter,Mystery,https://placehold.co/400x600/22223b/ffffff.png?text=The%20Hidden%20Verdict&font=roboto,518,0
The Suspect of a Locked Room,"When a case in a locked room refuses to add up, The Suspect of a Locked Room follows a determined investigator peeling back layers of deception before the truth surfaces.",Edward Kobayashi,Mystery,https://placehold.co/400x600/22223b/ffffff.png?text=The%20Suspect%20of%20a%20Locked%20Room&font=roboto,848,0
The Silent Confession,"When a case in an isolated manor refuses to add up, The Silent Confession follows a determined investigator peeling back layers of deception before the truth surfaces.",Jennifer Morgan,Mystery,https://placehold.co/400x600/22223b/ffffff.png?text=The%20Silent%20Confession&font=roboto,556,0
The Final Confession,"When a case in a small coastal town refuses to add up, The Final Confession follows a determined investigator peeling back layers of deception before the truth surfaces.",Michelle Foster,Mystery,https://placehold.co/400x600/22223b/ffffff.png?text=The%20Final%20Confession&font=roboto,672,0
Clue of a Locked Room,"When a case in a locked room refuses to add up, Clue of a Locked Room follows a determined investigator peeling back layers of deception before the truth surfaces.",David Ashford,Mystery,https://placehold.co/400x600/22223b/ffffff.png?text=Clue%20of%20a%20Locked%20Room&font=roboto,864,0
Hidden Witness,"When a case in an isolated manor refuses to add up, Hidden Witness follows a determined investigator peeling back layers of deception before the truth surfaces.",Barbara Marlow,Mystery,https://placehold.co/400x600/22223b/ffffff.png?text=Hidden%20Witness&font=roboto,267,0
Silent Confession,"When a case in an isolated manor refuses to add up, Silent Confession follows a determined investigator peeling back layers of deception before the truth surfaces.",Jessica Carter,Mystery,https://placehold.co/400x600/22223b/ffffff.png?text=Silent%20Confession&font=roboto,873,0
Letter of a Locked Room,"When a case in a locked room refuses to add up, Letter of a Locked Room follows a determined investigator peeling back layers of deception before the truth surfaces.",George Nakamura,Mystery,https://placehold.co/400x600/22223b/ffffff.png?text=Letter%20of%20a%20Locked%20Room&font=roboto,678,0
The Clue of an Isolated Manor,"When a case in an isolated manor refuses to add up, The Clue of an Isolated Manor follows a determined investigator peeling back layers of deception before the truth surfaces.",Andrew Grant,Mystery,https://placehold.co/400x600/22223b/ffffff.png?text=The%20Clue%20of%20an%20Isolated%20Manor&font=roboto,179,0
The Confession of a Small Coastal Town,"When a case in a small coastal town refuses to add up, The Confession of a Small Coastal Town follows a determined investigator peeling back layers of deception before the truth surfaces.",Kimberly Andersen,Mystery,https://placehold.co/400x600/22223b/ffffff.png?text=The%20Confession%20of%20a%20Small%20Coastal%20Town&font=roboto,791,0
The Quiet Verdict,"When a case in a foggy precinct refuses to add up, The Quiet Verdict follows a determined investigator peeling back layers of deception before the truth surfaces.",Linda Iyer,Mystery,https://placehold.co/400x600/22223b/ffffff.png?text=The%20Quiet%20Verdict&font=roboto,729,0
Letter of a Foggy Precinct,"When a case in a foggy precinct refuses to add up, Letter of a Foggy Precinct follows a determined investigator peeling back layers of deception before the truth surfaces.",Susan Andersen,Mystery,https://placehold.co/400x600/22223b/ffffff.png?text=Letter%20of%20a%20Foggy%20Precinct&font=roboto,839,0
The Hidden Witness,"When a case in a small coastal town refuses to add up, The Hidden Witness follows a determined investigator peeling back layers of deception before the truth surfaces.",Mary Sutton,Mystery,https://placehold.co/400x600/22223b/ffffff.png?text=The%20Hidden%20Witness&font=roboto,196,0
Suspect of an Isolated Manor,"When a case in an isolated manor refuses to add up, Suspect of an Isolated Manor follows a determined investigator peeling back layers of deception before the truth surfaces.",Carol Sutton,Mystery,https://placehold.co/400x600/22223b/ffffff.png?text=Suspect%20of%20an%20Isolated%20Manor&font=roboto,575,0
The Silent Letter,"When a case in an isolated manor refuses to add up, The Silent Letter follows a determined investigator peeling back layers of deception before the truth surfaces.",Chiara Hayes,Mystery,https://placehold.co/400x600/22223b/ffffff.png?text=The%20Silent%20Letter&font=roboto,559,0
The Quiet Confession,"When a case in a foggy precinct refuses to add up, The Quiet Confession follows a determined investigator peeling back layers of deception before the truth surfaces.",Carol Foster,Mystery,https://placehold.co/400x600/22223b/ffffff.png?text=The%20Quiet%20Confession&font=roboto,715,0
Silent Clue,"When a case in an isolated manor refuses to add up, Silent Clue follows a determined investigator peeling back layers of deception before the truth surfaces.",Donna Andersen,Mystery,https://placehold.co/400x600/22223b/ffffff.png?text=Silent%20Clue&font=roboto,460,0
Letter of a Small Coastal Town,"When a case in a small coastal town refuses to add up, Letter of a Small Coastal Town follows a determined investigator peeling back layers of deception before the truth surfaces.",Kavya Bennett,Mystery,https://placehold.co/400x600/22223b/ffffff.png?text=Letter%20of%20a%20Small%20Coastal%20Town&font=roboto,387,0
The Clue of a Small Coastal Town,"When a case in a small coastal town refuses to add up, The Clue of a Small Coastal Town follows a determined investigator peeling back layers of deception before the truth surfaces.",Ronald Ashford,Mystery,https://placehold.co/400x600/22223b/ffffff.png?text=The%20Clue%20of%20a%20Small%20Coastal%20Town&font=roboto,255,0
Suspect of a Locked Room,"When a case in a locked room refuses to add up, Suspect of a Locked Room follows a determined investigator peeling back layers of deception before the truth surfaces.",Linda Whitfield,Mystery,https://placehold.co/400x600/22223b/ffffff.png?text=Suspect%20of%20a%20Locked%20Room&font=roboto,877,0
The Witness of an Isolated Manor,"When a case in an isolated manor refuses to add up, The Witness of an Isolated Manor follows a determined investigator peeling back layers of deception before the truth surfaces.",Chiara Kensington,Mystery,https://placehold.co/400x600/22223b/ffffff.png?text=The%20Witness%20of%20an%20Isolated%20Manor&font=roboto,866,0
The Case of a Small Coastal Town,"When a case in a small coastal town refuses to add up, The Case of a Small Coastal Town follows a determined investigator peeling back layers of deception before the truth surfaces.",Sofia Sinclair,Mystery,https://placehold.co/400x600/22223b/ffffff.png?text=The%20Case%20of%20a%20Small%20Coastal%20Town&font=roboto,801,0
Missing Witness,"When a case in a locked room refuses to add up, Missing Witness follows a determined investigator peeling back layers of deception before the truth surfaces.",Thomas Sutton,Mystery,https://placehold.co/400x600/22223b/ffffff.png?text=Missing%20Witness&font=roboto,447,0
The Suspect of a Foggy Precinct,"When a case in a foggy precinct refuses to add up, The Suspect of a Foggy Precinct follows a determined investigator peeling back layers of deception before the truth surfaces.",Kevin Delacroix,Mystery,https://placehold.co/400x600/22223b/ffffff.png?text=The%20Suspect%20of%20a%20Foggy%20Precinct&font=roboto,427,0
Alibi of an Isolated Manor,"When a case in an isolated manor refuses to add up, Alibi of an Isolated Manor follows a determined investigator peeling back layers of deception before the truth surfaces.",Susan Whitfield,Mystery,https://placehold.co/400x600/22223b/ffffff.png?text=Alibi%20of%20an%20Isolated%20Manor&font=roboto,257,0
Verdict of a Foggy Precinct,"When a case in a foggy precinct refuses to add up, Verdict of a Foggy Precinct follows a determined investigator peeling back layers of deception before the truth surfaces.",Kavya Grant,Mystery,https://placehold.co/400x600/22223b/ffffff.png?text=Verdict%20of%20a%20Foggy%20Precinct&font=roboto,697,0
Cold Case,"When a case in a small coastal town refuses to add up, Cold Case follows a determined investigator peeling back layers of deception before the truth surfaces.",Daniel Ashford,Mystery,https://placehold.co/400x600/22223b/ffffff.png?text=Cold%20Case&font=roboto,870,0
The Hidden Clue,"When a case in an isolated manor refuses to add up, The Hidden Clue follows a determined investigator peeling back layers of deception before the truth surfaces.",Barbara Sutton,Mystery,https://placehold.co/400x600/22223b/ffffff.png?text=The%20Hidden%20Clue&font=roboto,513,0
Verdict of a Small Coastal Town,"When a case in a small coastal town refuses to add up, Verdict of a Small Coastal Town follows a determined investigator peeling back layers of deception before the truth surfaces.",Sarah Grant,Mystery,https://placehold.co/400x600/22223b/ffffff.png?text=Verdict%20of%20a%20Small%20Coastal%20Town&font=roboto,161,0
The Hidden Letter,"When a case in an isolated manor refuses to add up, The Hidden Letter follows a determined investigator peeling back layers of deception before the truth surfaces.",Arjun Blackwood,Mystery,https://placehold.co/400x600/22223b/ffffff.png?text=The%20Hidden%20Letter&font=roboto,851,0
The Cold Case,"When a case in a small coastal town refuses to add up, The Cold Case follows a determined investigator peeling back layers of deception before the truth surfaces.",David Doyle,Mystery,https://placehold.co/400x600/22223b/ffffff.png?text=The%20Cold%20Case&font=roboto,810,0
Final Case,"When a case in a foggy precinct refuses to add up, Final Case follows a determined investigator peeling back layers of deception before the truth surfaces.",Jessica Hayes,Mystery,https://placehold.co/400x600/22223b/ffffff.png?text=Final%20Case&font=roboto,621,0
The Final Suspect,"When a case in a locked room refuses to add up, The Final Suspect follows a determined investigator peeling back layers of deception before the truth surfaces.",Mateo Bennett,Mystery,https://placehold.co/400x600/22223b/ffffff.png?text=The%20Final%20Suspect&font=roboto,540,0
Final Clue,"When a case in an isolated manor refuses to add up, Final Clue follows a determined investigator peeling back layers of deception before the truth surfaces.",Lisa Vance,Mystery,https://placehold.co/400x600/22223b/ffffff.png?text=Final%20Clue&font=roboto,435,0
Final Witness,"When a case in an isolated manor refuses to add up, Final Witness follows a determined investigator peeling back layers of deception before the truth surfaces.",Donna Iyer,Mystery,https://placehold.co/400x600/22223b/ffffff.png?text=Final%20Witness&font=roboto,570,0
Final Suspect,"When a case in an isolated manor refuses to add up, Final Suspect follows a determined investigator peeling back layers of deception before the truth surfaces.",Noah Sutton,Mystery,https://placehold.co/400x600/22223b/ffffff.png?text=Final%20Suspect&font=roboto,794,0
The Unsolved Clue,"When a case in a locked room refuses to add up, The Unsolved Clue follows a determined investigator peeling back layers of deception before the truth surfaces.",Oliver Iyer,Mystery,https://placehold.co/400x600/22223b/ffffff.png?text=The%20Unsolved%20Clue&font=roboto,501,0
The Confession of an Isolated Manor,"When a case in an isolated manor refuses to add up, The Confession of an Isolated Manor follows a determined investigator peeling back layers of deception before the truth surfaces.",Patricia Callahan,Mystery,https://placehold.co/400x600/22223b/ffffff.png?text=The%20Confession%20of%20an%20Isolated%20Manor&font=roboto,760,0
Vanishing Alibi,"When a case in an isolated manor refuses to add up, Vanishing Alibi follows a determined investigator peeling back layers of deception before the truth surfaces.",Richard Sutton,Mystery,https://placehold.co/400x600/22223b/ffffff.png?text=Vanishing%20Alibi&font=roboto,821,0
Witness of an Isolated Manor,"When a case in an isolated manor refuses to add up, Witness of an Isolated Manor follows a determined investigator peeling back layers of deception before the truth surfaces.",Stephanie Thorne,Mystery,https://placehold.co/400x600/22223b/ffffff.png?text=Witness%20of%20an%20Isolated%20Manor&font=roboto,326,0
Clue of a Foggy Precinct,"When a case in a foggy precinct refuses to add up, Clue of a Foggy Precinct follows a determined investigator peeling back layers of deception before the truth surfaces.",Patricia Thorne,Mystery,https://placehold.co/400x600/22223b/ffffff.png?text=Clue%20of%20a%20Foggy%20Precinct&font=roboto,730,0
Witness of a Small Coastal Town,"When a case in a small coastal town refuses to add up, Witness of a Small Coastal Town follows a determined investigator peeling back layers of deception before the truth surfaces.",Linda Lockhart,Mystery,https://placehold.co/400x600/22223b/ffffff.png?text=Witness%20of%20a%20Small%20Coastal%20Town&font=roboto,765,0
The Letter of a Foggy Precinct,"When a case in a foggy precinct refuses to add up, The Letter of a Foggy Precinct follows a determined investigator peeling back layers of deception before the truth surfaces.",Matthew Callahan,Mystery,https://placehold.co/400x600/22223b/ffffff.png?text=The%20Letter%20of%20a%20Foggy%20Precinct&font=roboto,209,0
The Final Letter,"When a case in a small coastal town refuses to add up, The Final Letter follows a determined investigator peeling back layers of deception before the truth surfaces.",Noah Blackwood,Mystery,https://placehold.co/400x600/22223b/ffffff.png?text=The%20Final%20Letter&font=roboto,223,0
The Letter of an Isolated Manor,"When a case in an isolated manor refuses to add up, The Letter of an Isolated Manor follows a determined investigator peeling back layers of deception before the truth surfaces.",Vikram Iyer,Mystery,https://placehold.co/400x600/22223b/ffffff.png?text=The%20Letter%20of%20an%20Isolated%20Manor&font=roboto,813,0
Confession of a Foggy Precinct,"When a case in a foggy precinct refuses to add up, Confession of a Foggy Precinct follows a determined investigator peeling back layers of deception before the truth surfaces.",Thomas Marsh,Mystery,https://placehold.co/400x600/22223b/ffffff.png?text=Confession%20of%20a%20Foggy%20Precinct&font=roboto,895,0
The Unsolved Witness,"When a case in an isolated manor refuses to add up, The Unsolved Witness follows a determined investigator peeling back layers of deception before the truth surfaces.",Kevin O'Connell,Mystery,https://placehold.co/400x600/22223b/ffffff.png?text=The%20Unsolved%20Witness&font=roboto,375,0
The Silver Blade,"The Silver Blade follows an unlikely hero drawn into the fate of a dying empire, where old magic and older grudges threaten to unravel everything.",Elizabeth Sutton,Fantasy,https://placehold.co/400x600/4a4e69/ffffff.png?text=The%20Silver%20Blade&font=roboto,504,0
The Kingdom of a Dying Empire,"The Kingdom of a Dying Empire follows an unlikely hero drawn into the fate of a dying empire, where old magic and older grudges threaten to unravel everything.",Rahul Carter,Fantasy,https://placehold.co/400x600/4a4e69/ffffff.png?text=The%20Kingdom%20of%20a%20Dying%20Empire&font=roboto,420,0
Kingdom of a Dying Empire,"Kingdom of a Dying Empire follows an unlikely hero drawn into the fate of a dying empire, where old magic and older grudges threaten to unravel everything.",Paul Bishop,Fantasy,https://placehold.co/400x600/4a4e69/ffffff.png?text=Kingdom%20of%20a%20Dying%20Empire&font=roboto,886,0
The Broken Crown,"The Broken Crown follows an unlikely hero drawn into the fate of the forbidden forest, where old magic and older grudges threaten to unravel everything.",Rohan Ellison,Fantasy,https://placehold.co/400x600/4a4e69/ffffff.png?text=The%20Broken%20Crown&font=roboto,572,0
Frost Oath,"Frost Oath follows an unlikely hero drawn into the fate of the forbidden forest, where old magic and older grudges threaten to unravel everything.",Richard Sharma,Fantasy,https://placehold.co/400x600/4a4e69/ffffff.png?text=Frost%20Oath&font=roboto,740,0
Wanderer of a Fractured Realm,"Wanderer of a Fractured Realm follows an unlikely hero drawn into the fate of a fractured realm, where old magic and older grudges threaten to unravel everything.",John Redwood,Fantasy,https://placehold.co/400x600/4a4e69/ffffff.png?text=Wanderer%20of%20a%20Fractured%20Realm&font=roboto,169,0
The Kingdom of a Fractured Realm,"The Kingdom of a Fractured Realm follows an unlikely hero drawn into the fate of a fractured realm, where old magic and older grudges threaten to unravel everything.",Amanda Ellison,Fantasy,https://placehold.co/400x600/4a4e69/ffffff.png?text=The%20Kingdom%20of%20a%20Fractured%20Realm&font=roboto,533,0
Broken Crown,"Broken Crown follows an unlikely hero drawn into the fate of the northern kingdoms, where old magic and older grudges threaten to unravel everything.",Vikram Ellison,Fantasy,https://placehold.co/400x600/4a4e69/ffffff.png?text=Broken%20Crown&font=roboto,203,0
The Ember Prophecy,"The Ember Prophecy follows an unlikely hero drawn into the fate of the northern kingdoms, where old magic and older grudges threaten to unravel everything.",Kavya Petrov,Fantasy,https://placehold.co/400x600/4a4e69/ffffff.png?text=The%20Ember%20Prophecy&font=roboto,888,0
The Realm of the Northern Kingdoms,"The Realm of the Northern Kingdoms follows an unlikely hero drawn into the fate of the northern kingdoms, where old magic and older grudges threaten to unravel everything.",Richard Morgan,Fantasy,https://placehold.co/400x600/4a4e69/ffffff.png?text=The%20Realm%20of%20the%20Northern%20Kingdoms&font=roboto,551,0
Iron Throne,"Iron Throne follows an unlikely hero drawn into the fate of a dying empire, where old magic and older grudges threaten to unravel everything.",James Marlow,Fantasy,https://placehold.co/400x600/4a4e69/ffffff.png?text=Iron%20Throne&font=roboto,238,0
The Prophecy of a Fractured Realm,"The Prophecy of a Fractured Realm follows an unlikely hero drawn into the fate of a fractured realm, where old magic and older grudges threaten to unravel everything.",Patricia Pierce,Fantasy,https://placehold.co/400x600/4a4e69/ffffff.png?text=The%20Prophecy%20of%20a%20Fractured%20Realm&font=roboto,323,0
The Wanderer of a Fractured Realm,"The Wanderer of a Fractured Realm follows an unlikely hero drawn into the fate of a fractured realm, where old magic and older grudges threaten to unravel everything.",Michelle Hartley,Fantasy,https://placehold.co/400x600/4a4e69/ffffff.png?text=The%20Wanderer%20of%20a%20Fractured%20Realm&font=roboto,631,0
Shadow Kingdom,"Shadow Kingdom follows an unlikely hero drawn into the fate of the forbidden forest, where old magic and older grudges threaten to unravel everything.",Lisa Blackwood,Fantasy,https://placehold.co/400x600/4a4e69/ffffff.png?text=Shadow%20Kingdom&font=roboto,539,0
The Wanderer of a Dying Empire,"The Wanderer of a Dying Empire follows an unlikely hero drawn into the fate of a dying empire, where old magic and older grudges threaten to unravel everything.",Donald Vance,Fantasy,https://placehold.co/400x600/4a4e69/ffffff.png?text=The%20Wanderer%20of%20a%20Dying%20Empire&font=roboto,726,0
The Iron Kingdom,"The Iron Kingdom follows an unlikely hero drawn into the fate of a fractured realm, where old magic and older grudges threaten to unravel everything.",George Kobayashi,Fantasy,https://placehold.co/400x600/4a4e69/ffffff.png?text=The%20Iron%20Kingdom&font=roboto,572,0
Throne of the Forbidden Forest,"Throne of the Forbidden Forest follows an unlikely hero drawn into the fate of the forbidden forest, where old magic and older grudges threaten to unravel everything.",Chiara Kensington,Fantasy,https://placehold.co/400x600/4a4e69/ffffff.png?text=Throne%20of%20the%20Forbidden%20Forest&font=roboto,697,0
Last Wanderer,"Last Wanderer follows an unlikely hero drawn into the fate of a dying empire, where old magic and older grudges threaten to unravel everything.",William Hartley,Fantasy,https://placehold.co/400x600/4a4e69/ffffff.png?text=Last%20Wanderer&font=roboto,880,0
The Ancient Blade,"The Ancient Blade follows an unlikely hero drawn into the fate of a fractured realm, where old magic and older grudges threaten to unravel everything.",Rahul Marsh,Fantasy,https://placehold.co/400x600/4a4e69/ffffff.png?text=The%20Ancient%20Blade&font=roboto,320,0
Blade of a Fractured Realm,"Blade of a Fractured Realm follows an unlikely hero drawn into the fate of a fractured realm, where old magic and older grudges threaten to unravel everything.",Ananya Foster,Fantasy,https://placehold.co/400x600/4a4e69/ffffff.png?text=Blade%20of%20a%20Fractured%20Realm&font=roboto,848,0
Last Blade,"Last Blade follows an unlikely hero drawn into the fate of a dying empire, where old magic and older grudges threaten to unravel everything.",Kevin Reed,Fantasy,https://placehold.co/400x600/4a4e69/ffffff.png?text=Last%20Blade&font=roboto,238,0
Ancient Crown,"Ancient Crown follows an unlikely hero drawn into the fate of a dying empire, where old magic and older grudges threaten to unravel everything.",Emily Nakamura,Fantasy,https://placehold.co/400x600/4a4e69/ffffff.png?text=Ancient%20Crown&font=roboto,618,0
The Ancient Crown,"The Ancient Crown follows an unlikely hero drawn into the fate of a fractured realm, where old magic and older grudges threaten to unravel everything.",Rohan Whitfield,Fantasy,https://placehold.co/400x600/4a4e69/ffffff.png?text=The%20Ancient%20Crown&font=roboto,300,0
The Forgotten Kingdom,"The Forgotten Kingdom follows an unlikely hero drawn into the fate of a dying empire, where old magic and older grudges threaten to unravel everything.",Freya Thorne,Fantasy,https://placehold.co/400x600/4a4e69/ffffff.png?text=The%20Forgotten%20Kingdom&font=roboto,569,0
The Wanderer of the Forbidden Forest,"The Wanderer of the Forbidden Forest follows an unlikely hero drawn into the fate of the forbidden forest, where old magic and older grudges threaten to unravel everything.",John Marsh,Fantasy,https://placehold.co/400x600/4a4e69/ffffff.png?text=The%20Wanderer%20of%20the%20Forbidden%20Forest&font=roboto,431,0
Iron Crown,"Iron Crown follows an unlikely hero drawn into the fate of a fractured realm, where old magic and older grudges threaten to unravel everything.",Priya Merrick,Fantasy,https://placehold.co/400x600/4a4e69/ffffff.png?text=Iron%20Crown&font=roboto,856,0
Wanderer of a Dying Empire,"Wanderer of a Dying Empire follows an unlikely hero drawn into the fate of a dying empire, where old magic and older grudges threaten to unravel everything.",Deborah Bennett,Fantasy,https://placehold.co/400x600/4a4e69/ffffff.png?text=Wanderer%20of%20a%20Dying%20Empire&font=roboto,494,0
The Realm of the Forbidden Forest,"The Realm of the Forbidden Forest follows an unlikely hero drawn into the fate of the forbidden forest, where old magic and older grudges threaten to unravel everything.",Richard Lockhart,Fantasy,https://placehold.co/400x600/4a4e69/ffffff.png?text=The%20Realm%20of%20the%20Forbidden%20Forest&font=roboto,286,0
The Oath of a Dying Empire,"The Oath of a Dying Empire follows an unlikely hero drawn into the fate of a dying empire, where old magic and older grudges threaten to unravel everything.",Rohan Rossi,Fantasy,https://placehold.co/400x600/4a4e69/ffffff.png?text=The%20Oath%20of%20a%20Dying%20Empire&font=roboto,810,0
The Last Wanderer,"The Last Wanderer follows an unlikely hero drawn into the fate of the northern kingdoms, where old magic and older grudges threaten to unravel everything.",Kavya Iyer,Fantasy,https://placehold.co/400x600/4a4e69/ffffff.png?text=The%20Last%20Wanderer&font=roboto,677,0
The Blade of a Fractured Realm,"The Blade of a Fractured Realm follows an unlikely hero drawn into the fate of a fractured realm, where old magic and older grudges threaten to unravel everything.",Michelle Kapoor,Fantasy,https://placehold.co/400x600/4a4e69/ffffff.png?text=The%20Blade%20of%20a%20Fractured%20Realm&font=roboto,562,0
Throne of the Northern Kingdoms,"Throne of the Northern Kingdoms follows an unlikely hero drawn into the fate of the northern kingdoms, where old magic and older grudges threaten to unravel everything.",Anthony Doyle,Fantasy,https://placehold.co/400x600/4a4e69/ffffff.png?text=Throne%20of%20the%20Northern%20Kingdoms&font=roboto,208,0
The Realm of a Dying Empire,"The Realm of a Dying Empire follows an unlikely hero drawn into the fate of a dying empire, where old magic and older grudges threaten to unravel everything.",Aditya Kapoor,Fantasy,https://placehold.co/400x600/4a4e69/ffffff.png?text=The%20Realm%20of%20a%20Dying%20Empire&font=roboto,555,0
The Broken Prophecy,"The Broken Prophecy follows an unlikely hero drawn into the fate of a dying empire, where old magic and older grudges threaten to unravel everything.",Elena Rossi,Fantasy,https://placehold.co/400x600/4a4e69/ffffff.png?text=The%20Broken%20Prophecy&font=roboto,605,0
Oath of a Dying Empire,"Oath of a Dying Empire follows an unlikely hero drawn into the fate of a dying empire, where old magic and older grudges threaten to unravel everything.",Daniel Harrow,Fantasy,https://placehold.co/400x600/4a4e69/ffffff.png?text=Oath%20of%20a%20Dying%20Empire&font=roboto,854,0
The Shadow Throne,"The Shadow Throne follows an unlikely hero drawn into the fate of the forbidden forest, where old magic and older grudges threaten to unravel everything.",Michael Ellison,Fantasy,https://placehold.co/400x600/4a4e69/ffffff.png?text=The%20Shadow%20Throne&font=roboto,734,0
Prophecy of the Northern Kingdoms,"Prophecy of the Northern Kingdoms follows an unlikely hero drawn into the fate of the northern kingdoms, where old magic and older grudges threaten to unravel everything.",Andrew Kensington,Fantasy,https://placehold.co/400x600/4a4e69/ffffff.png?text=Prophecy%20of%20the%20Northern%20Kingdoms&font=roboto,674,0
The Broken Wanderer,"The Broken Wanderer follows an unlikely hero drawn into the fate of the northern kingdoms, where old magic and older grudges threaten to unravel everything.",Matthew Rossi,Fantasy,https://placehold.co/400x600/4a4e69/ffffff.png?text=The%20Broken%20Wanderer&font=roboto,157,0
Realm of a Dying Empire,"Realm of a Dying Empire follows an unlikely hero drawn into the fate of a dying empire, where old magic and older grudges threaten to unravel everything.",Ananya Winters,Fantasy,https://placehold.co/400x600/4a4e69/ffffff.png?text=Realm%20of%20a%20Dying%20Empire&font=roboto,506,0
Shadow Prophecy,"Shadow Prophecy follows an unlikely hero drawn into the fate of the forbidden forest, where old magic and older grudges threaten to unravel everything.",Kenneth Nakamura,Fantasy,https://placehold.co/400x600/4a4e69/ffffff.png?text=Shadow%20Prophecy&font=roboto,787,0
Forgotten Throne,"Forgotten Throne follows an unlikely hero drawn into the fate of a dying empire, where old magic and older grudges threaten to unravel everything.",Joshua Ashford,Fantasy,https://placehold.co/400x600/4a4e69/ffffff.png?text=Forgotten%20Throne&font=roboto,849,0
The Silver Kingdom,"The Silver Kingdom follows an unlikely hero drawn into the fate of a dying empire, where old magic and older grudges threaten to unravel everything.",Emily Callahan,Fantasy,https://placehold.co/400x600/4a4e69/ffffff.png?text=The%20Silver%20Kingdom&font=roboto,432,0
The Prophecy of the Northern Kingdoms,"The Prophecy of the Northern Kingdoms follows an unlikely hero drawn into the fate of the northern kingdoms, where old magic and older grudges threaten to unravel everything.",Chiara Sutton,Fantasy,https://placehold.co/400x600/4a4e69/ffffff.png?text=The%20Prophecy%20of%20the%20Northern%20Kingdoms&font=roboto,207,0
Ember Blade,"Ember Blade follows an unlikely hero drawn into the fate of a fractured realm, where old magic and older grudges threaten to unravel everything.",Mateo Redwood,Fantasy,https://placehold.co/400x600/4a4e69/ffffff.png?text=Ember%20Blade&font=roboto,414,0
Frost Crown,"Frost Crown follows an unlikely hero drawn into the fate of a fractured realm, where old magic and older grudges threaten to unravel everything.",Anthony Merrick,Fantasy,https://placehold.co/400x600/4a4e69/ffffff.png?text=Frost%20Crown&font=roboto,892,0
The Blade of a Dying Empire,"The Blade of a Dying Empire follows an unlikely hero drawn into the fate of a dying empire, where old magic and older grudges threaten to unravel everything.",Richard Sharma,Fantasy,https://placehold.co/400x600/4a4e69/ffffff.png?text=The%20Blade%20of%20a%20Dying%20Empire&font=roboto,280,0
The Last Oath,"The Last Oath follows an unlikely hero drawn into the fate of the northern kingdoms, where old magic and older grudges threaten to unravel everything.",Michelle Kensington,Fantasy,https://placehold.co/400x600/4a4e69/ffffff.png?text=The%20Last%20Oath&font=roboto,488,0
The Silver Throne,"The Silver Throne follows an unlikely hero drawn into the fate of a fractured realm, where old magic and older grudges threaten to unravel everything.",Yuki Doyle,Fantasy,https://placehold.co/400x600/4a4e69/ffffff.png?text=The%20Silver%20Throne&font=roboto,661,0
The Frost Realm,"The Frost Realm follows an unlikely hero drawn into the fate of the forbidden forest, where old magic and older grudges threaten to unravel everything.",Michael Whitfield,Fantasy,https://placehold.co/400x600/4a4e69/ffffff.png?text=The%20Frost%20Realm&font=roboto,289,0
Crown of the Forbidden Forest,"Crown of the Forbidden Forest follows an unlikely hero drawn into the fate of the forbidden forest, where old magic and older grudges threaten to unravel everything.",Charles Callahan,Fantasy,https://placehold.co/400x600/4a4e69/ffffff.png?text=Crown%20of%20the%20Forbidden%20Forest&font=roboto,881,0
Throne of a Fractured Realm,"Throne of a Fractured Realm follows an unlikely hero drawn into the fate of a fractured realm, where old magic and older grudges threaten to unravel everything.",Rahul Vance,Fantasy,https://placehold.co/400x600/4a4e69/ffffff.png?text=Throne%20of%20a%20Fractured%20Realm&font=roboto,363,0
Silver Crown,"Silver Crown follows an unlikely hero drawn into the fate of a fractured realm, where old magic and older grudges threaten to unravel everything.",John Kobayashi,Fantasy,https://placehold.co/400x600/4a4e69/ffffff.png?text=Silver%20Crown&font=roboto,353,0
The Oath of the Northern Kingdoms,"The Oath of the Northern Kingdoms follows an unlikely hero drawn into the fate of the northern kingdoms, where old magic and older grudges threaten to unravel everything.",Robert Carter,Fantasy,https://placehold.co/400x600/4a4e69/ffffff.png?text=The%20Oath%20of%20the%20Northern%20Kingdoms&font=roboto,790,0
Crown of a Dying Empire,"Crown of a Dying Empire follows an unlikely hero drawn into the fate of a dying empire, where old magic and older grudges threaten to unravel everything.",Nancy Reed,Fantasy,https://placehold.co/400x600/4a4e69/ffffff.png?text=Crown%20of%20a%20Dying%20Empire&font=roboto,195,0
Iron Oath,"Iron Oath follows an unlikely hero drawn into the fate of the forbidden forest, where old magic and older grudges threaten to unravel everything.",Melissa Doyle,Fantasy,https://placehold.co/400x600/4a4e69/ffffff.png?text=Iron%20Oath&font=roboto,317,0
Broken Prophecy,"Broken Prophecy follows an unlikely hero drawn into the fate of the northern kingdoms, where old magic and older grudges threaten to unravel everything.",Thomas Pierce,Fantasy,https://placehold.co/400x600/4a4e69/ffffff.png?text=Broken%20Prophecy&font=roboto,171,0
Oath of a Fractured Realm,"Oath of a Fractured Realm follows an unlikely hero drawn into the fate of a fractured realm, where old magic and older grudges threaten to unravel everything.",Ronald Harrow,Fantasy,https://placehold.co/400x600/4a4e69/ffffff.png?text=Oath%20of%20a%20Fractured%20Realm&font=roboto,696,0
The Broken Kingdom,"The Broken Kingdom follows an unlikely hero drawn into the fate of a fractured realm, where old magic and older grudges threaten to unravel everything.",Michael Grant,Fantasy,https://placehold.co/400x600/4a4e69/ffffff.png?text=The%20Broken%20Kingdom&font=roboto,575,0
Frost Kingdom,"Frost Kingdom follows an unlikely hero drawn into the fate of a dying empire, where old magic and older grudges threaten to unravel everything.",Yuki Whitfield,Fantasy,https://placehold.co/400x600/4a4e69/ffffff.png?text=Frost%20Kingdom&font=roboto,359,0
The Shadow Crown,"The Shadow Crown follows an unlikely hero drawn into the fate of a fractured realm, where old magic and older grudges threaten to unravel everything.",Chiara Vance,Fantasy,https://placehold.co/400x600/4a4e69/ffffff.png?text=The%20Shadow%20Crown&font=roboto,786,0
Kingdom of a Fractured Realm,"Kingdom of a Fractured Realm follows an unlikely hero drawn into the fate of a fractured realm, where old magic and older grudges threaten to unravel everything.",Joshua Grant,Fantasy,https://placehold.co/400x600/4a4e69/ffffff.png?text=Kingdom%20of%20a%20Fractured%20Realm&font=roboto,257,0
Last Prophecy,"Last Prophecy follows an unlikely hero drawn into the fate of a dying empire, where old magic and older grudges threaten to unravel everything.",Chiara Doyle,Fantasy,https://placehold.co/400x600/4a4e69/ffffff.png?text=Last%20Prophecy&font=roboto,515,0
Sweet Letter,"Set against the backdrop of a small seaside town, Sweet Letter follows two people whose paths keep crossing at the worst — and best — possible times.",Mateo Pierce,Romance,https://placehold.co/400x600/bb3e5e/ffffff.png?text=Sweet%20Letter&font=roboto,853,0
Lasting Promise,"Set against the backdrop of a small seaside town, Lasting Promise follows two people whose paths keep crossing at the worst — and best — possible times.",Mary Foster,Romance,https://placehold.co/400x600/bb3e5e/ffffff.png?text=Lasting%20Promise&font=roboto,262,0
Unexpected Summer,"Set against the backdrop of a small seaside town, Unexpected Summer follows two people whose paths keep crossing at the worst — and best — possible times.",Richard Harrow,Romance,https://placehold.co/400x600/bb3e5e/ffffff.png?text=Unexpected%20Summer&font=roboto,808,0
Season of Two Different Worlds,"Set against the backdrop of two different worlds, Season of Two Different Worlds follows two people whose paths keep crossing at the worst — and best — possible times.",Aditya Morgan,Romance,https://placehold.co/400x600/bb3e5e/ffffff.png?text=Season%20of%20Two%20Different%20Worlds&font=roboto,251,0
The Summer of a Small Seaside Town,"Set against the backdrop of a small seaside town, The Summer of a Small Seaside Town follows two people whose paths keep crossing at the worst — and best — possible times.",Jennifer Carter,Romance,https://placehold.co/400x600/bb3e5e/ffffff.png?text=The%20Summer%20of%20a%20Small%20Seaside%20Town&font=roboto,290,0
Glance of an Old Bookshop,"Set against the backdrop of an old bookshop, Glance of an Old Bookshop follows two people whose paths keep crossing at the worst — and best — possible times.",Andrew Foster,Romance,https://placehold.co/400x600/bb3e5e/ffffff.png?text=Glance%20of%20an%20Old%20Bookshop&font=roboto,530,0
The Summer of an Old Bookshop,"Set against the backdrop of an old bookshop, The Summer of an Old Bookshop follows two people whose paths keep crossing at the worst — and best — possible times.",Arjun Osei,Romance,https://placehold.co/400x600/bb3e5e/ffffff.png?text=The%20Summer%20of%20an%20Old%20Bookshop&font=roboto,427,0
Every Return,"Set against the backdrop of new york, Every Return follows two people whose paths keep crossing at the worst — and best — possible times.",Joseph Sinclair,Romance,https://placehold.co/400x600/bb3e5e/ffffff.png?text=Every%20Return&font=roboto,861,0
The Unexpected Summer,"Set against the backdrop of an old bookshop, The Unexpected Summer follows two people whose paths keep crossing at the worst — and best — possible times.",Hiroshi Andersen,Romance,https://placehold.co/400x600/bb3e5e/ffffff.png?text=The%20Unexpected%20Summer&font=roboto,843,0
Unexpected Return,"Set against the backdrop of two different worlds, Unexpected Return follows two people whose paths keep crossing at the worst — and best — possible times.",Patricia Sinclair,Romance,https://placehold.co/400x600/bb3e5e/ffffff.png?text=Unexpected%20Return&font=roboto,643,0
Quiet Return,"Set against the backdrop of an old bookshop, Quiet Return follows two people whose paths keep crossing at the worst — and best — possible times.",Jennifer Reed,Romance,https://placehold.co/400x600/bb3e5e/ffffff.png?text=Quiet%20Return&font=roboto,416,0
The Promise of Two Different Worlds,"Set against the backdrop of two different worlds, The Promise of Two Different Worlds follows two people whose paths keep crossing at the worst — and best — possible times.",Chiara Nakamura,Romance,https://placehold.co/400x600/bb3e5e/ffffff.png?text=The%20Promise%20of%20Two%20Different%20Worlds&font=roboto,853,0
The First Promise,"Set against the backdrop of an old bookshop, The First Promise follows two people whose paths keep crossing at the worst — and best — possible times.",George Winters,Romance,https://placehold.co/400x600/bb3e5e/ffffff.png?text=The%20First%20Promise&font=roboto,301,0
The Second Letter,"Set against the backdrop of an old bookshop, The Second Letter follows two people whose paths keep crossing at the worst — and best — possible times.",Mateo Ellison,Romance,https://placehold.co/400x600/bb3e5e/ffffff.png?text=The%20Second%20Letter&font=roboto,225,0
The Promise of an Old Bookshop,"Set against the backdrop of an old bookshop, The Promise of an Old Bookshop follows two people whose paths keep crossing at the worst — and best — possible times.",Arjun Sutton,Romance,https://placehold.co/400x600/bb3e5e/ffffff.png?text=The%20Promise%20of%20an%20Old%20Bookshop&font=roboto,229,0
Every Beginning,"Set against the backdrop of a small seaside town, Every Beginning follows two people whose paths keep crossing at the worst — and best — possible times.",Mateo Delacroix,Romance,https://placehold.co/400x600/bb3e5e/ffffff.png?text=Every%20Beginning&font=roboto,472,0
The Every Chance,"Set against the backdrop of a small seaside town, The Every Chance follows two people whose paths keep crossing at the worst — and best — possible times.",Arjun Kensington,Romance,https://placehold.co/400x600/bb3e5e/ffffff.png?text=The%20Every%20Chance&font=roboto,185,0
The Quiet Season,"Set against the backdrop of new york, The Quiet Season follows two people whose paths keep crossing at the worst — and best — possible times.",Divya Merrick,Romance,https://placehold.co/400x600/bb3e5e/ffffff.png?text=The%20Quiet%20Season&font=roboto,521,0
The Slow Beginning,"Set against the backdrop of two different worlds, The Slow Beginning follows two people whose paths keep crossing at the worst — and best — possible times.",Yuki Blackwood,Romance,https://placehold.co/400x600/bb3e5e/ffffff.png?text=The%20Slow%20Beginning&font=roboto,882,0
Quiet Summer,"Set against the backdrop of new york, Quiet Summer follows two people whose paths keep crossing at the worst — and best — possible times.",James Merrick,Romance,https://placehold.co/400x600/bb3e5e/ffffff.png?text=Quiet%20Summer&font=roboto,512,0
Letter of an Old Bookshop,"Set against the backdrop of an old bookshop, Letter of an Old Bookshop follows two people whose paths keep crossing at the worst — and best — possible times.",Susan Harrow,Romance,https://placehold.co/400x600/bb3e5e/ffffff.png?text=Letter%20of%20an%20Old%20Bookshop&font=roboto,774,0
Summer of an Old Bookshop,"Set against the backdrop of an old bookshop, Summer of an Old Bookshop follows two people whose paths keep crossing at the worst — and best — possible times.",Margaret Osei,Romance,https://placehold.co/400x600/bb3e5e/ffffff.png?text=Summer%20of%20an%20Old%20Bookshop&font=roboto,344,0
The Return of a Small Seaside Town,"Set against the backdrop of a small seaside town, The Return of a Small Seaside Town follows two people whose paths keep crossing at the worst — and best — possible times.",Jessica Delacroix,Romance,https://placehold.co/400x600/bb3e5e/ffffff.png?text=The%20Return%20of%20a%20Small%20Seaside%20Town&font=roboto,617,0
Chance of a Small Seaside Town,"Set against the backdrop of a small seaside town, Chance of a Small Seaside Town follows two people whose paths keep crossing at the worst — and best — possible times.",Vikram Moreau,Romance,https://placehold.co/400x600/bb3e5e/ffffff.png?text=Chance%20of%20a%20Small%20Seaside%20Town&font=roboto,643,0
Letter of a Small Seaside Town,"Set against the backdrop of a small seaside town, Letter of a Small Seaside Town follows two people whose paths keep crossing at the worst — and best — possible times.",Stephanie Rossi,Romance,https://placehold.co/400x600/bb3e5e/ffffff.png?text=Letter%20of%20a%20Small%20Seaside%20Town&font=roboto,769,0
The Return of New York,"Set against the backdrop of new york, The Return of New York follows two people whose paths keep crossing at the worst — and best — possible times.",Emily Hartley,Romance,https://placehold.co/400x600/bb3e5e/ffffff.png?text=The%20Return%20of%20New%20York&font=roboto,500,0
The Letter of New York,"Set against the backdrop of new york, The Letter of New York follows two people whose paths keep crossing at the worst — and best — possible times.",Kavya Rossi,Romance,https://placehold.co/400x600/bb3e5e/ffffff.png?text=The%20Letter%20of%20New%20York&font=roboto,865,0
The Promise of New York,"Set against the backdrop of new york, The Promise of New York follows two people whose paths keep crossing at the worst — and best — possible times.",Mark O'Connell,Romance,https://placehold.co/400x600/bb3e5e/ffffff.png?text=The%20Promise%20of%20New%20York&font=roboto,880,0
The Glance of an Old Bookshop,"Set against the backdrop of an old bookshop, The Glance of an Old Bookshop follows two people whose paths keep crossing at the worst — and best — possible times.",Rohan Kobayashi,Romance,https://placehold.co/400x600/bb3e5e/ffffff.png?text=The%20Glance%20of%20an%20Old%20Bookshop&font=roboto,441,0
Second Summer,"Set against the backdrop of a small seaside town, Second Summer follows two people whose paths keep crossing at the worst — and best — possible times.",Ronald Whitfield,Romance,https://placehold.co/400x600/bb3e5e/ffffff.png?text=Second%20Summer&font=roboto,203,0
The Slow Season,"Set against the backdrop of new york, The Slow Season follows two people whose paths keep crossing at the worst — and best — possible times.",Joshua Harrow,Romance,https://placehold.co/400x600/bb3e5e/ffffff.png?text=The%20Slow%20Season&font=roboto,298,0
The Sweet Promise,"Set against the backdrop of a small seaside town, The Sweet Promise follows two people whose paths keep crossing at the worst — and best — possible times.",Melissa Delacroix,Romance,https://placehold.co/400x600/bb3e5e/ffffff.png?text=The%20Sweet%20Promise&font=roboto,253,0
Promise of Two Different Worlds,"Set against the backdrop of two different worlds, Promise of Two Different Worlds follows two people whose paths keep crossing at the worst — and best — possible times.",Michael Winters,Romance,https://placehold.co/400x600/bb3e5e/ffffff.png?text=Promise%20of%20Two%20Different%20Worlds&font=roboto,545,0
Lasting Chance,"Set against the backdrop of a small seaside town, Lasting Chance follows two people whose paths keep crossing at the worst — and best — possible times.",Paul Doyle,Romance,https://placehold.co/400x600/bb3e5e/ffffff.png?text=Lasting%20Chance&font=roboto,784,0
Slow Glance,"Set against the backdrop of new york, Slow Glance follows two people whose paths keep crossing at the worst — and best — possible times.",Anthony Redwood,Romance,https://placehold.co/400x600/bb3e5e/ffffff.png?text=Slow%20Glance&font=roboto,608,0
Letter of New York,"Set against the backdrop of new york, Letter of New York follows two people whose paths keep crossing at the worst — and best — possible times.",Lucas Grant,Romance,https://placehold.co/400x600/bb3e5e/ffffff.png?text=Letter%20of%20New%20York&font=roboto,535,0
The First Season,"Set against the backdrop of two different worlds, The First Season follows two people whose paths keep crossing at the worst — and best — possible times.",Thomas Ellison,Romance,https://placehold.co/400x600/bb3e5e/ffffff.png?text=The%20First%20Season&font=roboto,747,0
Letter of Two Different Worlds,"Set against the backdrop of two different worlds, Letter of Two Different Worlds follows two people whose paths keep crossing at the worst — and best — possible times.",Michael O'Connell,Romance,https://placehold.co/400x600/bb3e5e/ffffff.png?text=Letter%20of%20Two%20Different%20Worlds&font=roboto,826,0
The Glance of a Small Seaside Town,"Set against the backdrop of a small seaside town, The Glance of a Small Seaside Town follows two people whose paths keep crossing at the worst — and best — possible times.",Kevin Nakamura,Romance,https://placehold.co/400x600/bb3e5e/ffffff.png?text=The%20Glance%20of%20a%20Small%20Seaside%20Town&font=roboto,374,0
Quiet Glance,"Set against the backdrop of new york, Quiet Glance follows two people whose paths keep crossing at the worst — and best — possible times.",Margaret Merrick,Romance,https://placehold.co/400x600/bb3e5e/ffffff.png?text=Quiet%20Glance&font=roboto,488,0
The Quiet Glance,"Set against the backdrop of an old bookshop, The Quiet Glance follows two people whose paths keep crossing at the worst — and best — possible times.",Steven O'Connell,Romance,https://placehold.co/400x600/bb3e5e/ffffff.png?text=The%20Quiet%20Glance&font=roboto,785,0
The Lasting Beginning,"Set against the backdrop of an old bookshop, The Lasting Beginning follows two people whose paths keep crossing at the worst — and best — possible times.",Jennifer Redwood,Romance,https://placehold.co/400x600/bb3e5e/ffffff.png?text=The%20Lasting%20Beginning&font=roboto,816,0
Summer of a Small Seaside Town,"Set against the backdrop of a small seaside town, Summer of a Small Seaside Town follows two people whose paths keep crossing at the worst — and best — possible times.",Nancy Kobayashi,Romance,https://placehold.co/400x600/bb3e5e/ffffff.png?text=Summer%20of%20a%20Small%20Seaside%20Town&font=roboto,695,0
The Quiet Promise,"Set against the backdrop of new york, The Quiet Promise follows two people whose paths keep crossing at the worst — and best — possible times.",Ananya Bishop,Romance,https://placehold.co/400x600/bb3e5e/ffffff.png?text=The%20Quiet%20Promise&font=roboto,359,0
Quiet Letter,"Set against the backdrop of a small seaside town, Quiet Letter follows two people whose paths keep crossing at the worst — and best — possible times.",Divya Merrick,Romance,https://placehold.co/400x600/bb3e5e/ffffff.png?text=Quiet%20Letter&font=roboto,187,0
The Quiet Chance,"Set against the backdrop of new york, The Quiet Chance follows two people whose paths keep crossing at the worst — and best — possible times.",Paul Petrov,Romance,https://placehold.co/400x600/bb3e5e/ffffff.png?text=The%20Quiet%20Chance&font=roboto,221,0
Return of an Old Bookshop,"Set against the backdrop of an old bookshop, Return of an Old Bookshop follows two people whose paths keep crossing at the worst — and best — possible times.",Rahul Hartley,Romance,https://placehold.co/400x600/bb3e5e/ffffff.png?text=Return%20of%20an%20Old%20Bookshop&font=roboto,592,0
The Season of Two Different Worlds,"Set against the backdrop of two different worlds, The Season of Two Different Worlds follows two people whose paths keep crossing at the worst — and best — possible times.",Barbara Redwood,Romance,https://placehold.co/400x600/bb3e5e/ffffff.png?text=The%20Season%20of%20Two%20Different%20Worlds&font=roboto,597,0
First Chance,"Set against the backdrop of an old bookshop, First Chance follows two people whose paths keep crossing at the worst — and best — possible times.",Daniel Kobayashi,Romance,https://placehold.co/400x600/bb3e5e/ffffff.png?text=First%20Chance&font=roboto,374,0
Season of New York,"Set against the backdrop of new york, Season of New York follows two people whose paths keep crossing at the worst — and best — possible times.",Kenneth Blackwood,Romance,https://placehold.co/400x600/bb3e5e/ffffff.png?text=Season%20of%20New%20York&font=roboto,160,0
Quiet Season,"Set against the backdrop of new york, Quiet Season follows two people whose paths keep crossing at the worst — and best — possible times.",George Pierce,Romance,https://placehold.co/400x600/bb3e5e/ffffff.png?text=Quiet%20Season&font=roboto,571,0
The Summer of New York,"Set against the backdrop of new york, The Summer of New York follows two people whose paths keep crossing at the worst — and best — possible times.",Michael Petrov,Romance,https://placehold.co/400x600/bb3e5e/ffffff.png?text=The%20Summer%20of%20New%20York&font=roboto,621,0
The Sweet Summer,"Set against the backdrop of two different worlds, The Sweet Summer follows two people whose paths keep crossing at the worst — and best — possible times.",Richard Doyle,Romance,https://placehold.co/400x600/bb3e5e/ffffff.png?text=The%20Sweet%20Summer&font=roboto,892,0
Lasting Glance,"Set against the backdrop of new york, Lasting Glance follows two people whose paths keep crossing at the worst — and best — possible times.",Steven Bishop,Romance,https://placehold.co/400x600/bb3e5e/ffffff.png?text=Lasting%20Glance&font=roboto,440,0
The Slow Glance,"Set against the backdrop of an old bookshop, The Slow Glance follows two people whose paths keep crossing at the worst — and best — possible times.",Rahul Merrick,Romance,https://placehold.co/400x600/bb3e5e/ffffff.png?text=The%20Slow%20Glance&font=roboto,780,0
The Glance of Two Different Worlds,"Set against the backdrop of two different worlds, The Glance of Two Different Worlds follows two people whose paths keep crossing at the worst — and best — possible times.",Ananya Ellison,Romance,https://placehold.co/400x600/bb3e5e/ffffff.png?text=The%20Glance%20of%20Two%20Different%20Worlds&font=roboto,153,0
The Letter of Two Different Worlds,"Set against the backdrop of two different worlds, The Letter of Two Different Worlds follows two people whose paths keep crossing at the worst — and best — possible times.",Hiroshi Osei,Romance,https://placehold.co/400x600/bb3e5e/ffffff.png?text=The%20Letter%20of%20Two%20Different%20Worlds&font=roboto,605,0
The Beginning of a Small Seaside Town,"Set against the backdrop of a small seaside town, The Beginning of a Small Seaside Town follows two people whose paths keep crossing at the worst — and best — possible times.",Matthew Rossi,Romance,https://placehold.co/400x600/bb3e5e/ffffff.png?text=The%20Beginning%20of%20a%20Small%20Seaside%20Town&font=roboto,232,0
Slow Chance,"Set against the backdrop of two different worlds, Slow Chance follows two people whose paths keep crossing at the worst — and best — possible times.",Oliver Kobayashi,Romance,https://placehold.co/400x600/bb3e5e/ffffff.png?text=Slow%20Chance&font=roboto,632,0
Return of New York,"Set against the backdrop of new york, Return of New York follows two people whose paths keep crossing at the worst — and best — possible times.",Donna Sinclair,Romance,https://placehold.co/400x600/bb3e5e/ffffff.png?text=Return%20of%20New%20York&font=roboto,624,0
The First Glance,"Set against the backdrop of a small seaside town, The First Glance follows two people whose paths keep crossing at the worst — and best — possible times.",Steven O'Connell,Romance,https://placehold.co/400x600/bb3e5e/ffffff.png?text=The%20First%20Glance&font=roboto,849,0
Beginning of New York,"Set against the backdrop of new york, Beginning of New York follows two people whose paths keep crossing at the worst — and best — possible times.",Matthew Andersen,Romance,https://placehold.co/400x600/bb3e5e/ffffff.png?text=Beginning%20of%20New%20York&font=roboto,728,0
Glance of a Small Seaside Town,"Set against the backdrop of a small seaside town, Glance of a Small Seaside Town follows two people whose paths keep crossing at the worst — and best — possible times.",Donald Iyer,Romance,https://placehold.co/400x600/bb3e5e/ffffff.png?text=Glance%20of%20a%20Small%20Seaside%20Town&font=roboto,386,0
The Cursed Static,"The Cursed Static follows a family drawn to a remote cabin, where something patient and unexplained has been waiting far longer than anyone realizes.",Jennifer Pierce,Horror,https://placehold.co/400x600/1a1a1a/ffffff.png?text=The%20Cursed%20Static&font=roboto,679,0
The Grave of a House That Shouldn't Exist,"The Grave of a House That Shouldn't Exist follows a family drawn to a house that shouldn't exist, where something patient and unexplained has been waiting far longer than anyone realizes.",Jennifer Hayes,Horror,https://placehold.co/400x600/1a1a1a/ffffff.png?text=The%20Grave%20of%20a%20House%20That%20Shouldn%27t%20Exist&font=roboto,813,0
The Ritual of an Old Asylum,"The Ritual of an Old Asylum follows a family drawn to an old asylum, where something patient and unexplained has been waiting far longer than anyone realizes.",Oliver Andersen,Horror,https://placehold.co/400x600/1a1a1a/ffffff.png?text=The%20Ritual%20of%20an%20Old%20Asylum&font=roboto,327,0
Unseen Static,"Unseen Static follows a family drawn to an abandoned town, where something patient and unexplained has been waiting far longer than anyone realizes.",Chiara Harrow,Horror,https://placehold.co/400x600/1a1a1a/ffffff.png?text=Unseen%20Static&font=roboto,534,0
Static of an Old Asylum,"Static of an Old Asylum follows a family drawn to an old asylum, where something patient and unexplained has been waiting far longer than anyone realizes.",Elena Sharma,Horror,https://placehold.co/400x600/1a1a1a/ffffff.png?text=Static%20of%20an%20Old%20Asylum&font=roboto,767,0
The Whispering Grave,"The Whispering Grave follows a family drawn to a remote cabin, where something patient and unexplained has been waiting far longer than anyone realizes.",Sandra Reed,Horror,https://placehold.co/400x600/1a1a1a/ffffff.png?text=The%20Whispering%20Grave&font=roboto,675,0
The Woods of a Remote Cabin,"The Woods of a Remote Cabin follows a family drawn to a remote cabin, where something patient and unexplained has been waiting far longer than anyone realizes.",Daniel Blackwood,Horror,https://placehold.co/400x600/1a1a1a/ffffff.png?text=The%20Woods%20of%20a%20Remote%20Cabin&font=roboto,765,0
The Buried Neighbor,"The Buried Neighbor follows a family drawn to an old asylum, where something patient and unexplained has been waiting far longer than anyone realizes.",Joseph Sharma,Horror,https://placehold.co/400x600/1a1a1a/ffffff.png?text=The%20Buried%20Neighbor&font=roboto,840,0
Rotting Basement,"Rotting Basement follows a family drawn to a remote cabin, where something patient and unexplained has been waiting far longer than anyone realizes.",Kavya Bennett,Horror,https://placehold.co/400x600/1a1a1a/ffffff.png?text=Rotting%20Basement&font=roboto,398,0
The Whispering Woods,"The Whispering Woods follows a family drawn to a remote cabin, where something patient and unexplained has been waiting far longer than anyone realizes.",Lucas Hayes,Horror,https://placehold.co/400x600/1a1a1a/ffffff.png?text=The%20Whispering%20Woods&font=roboto,735,0
Woods of an Old Asylum,"Woods of an Old Asylum follows a family drawn to an old asylum, where something patient and unexplained has been waiting far longer than anyone realizes.",Lisa Nakamura,Horror,https://placehold.co/400x600/1a1a1a/ffffff.png?text=Woods%20of%20an%20Old%20Asylum&font=roboto,564,0
The Cursed Hour,"The Cursed Hour follows a family drawn to a remote cabin, where something patient and unexplained has been waiting far longer than anyone realizes.",Rahul Rossi,Horror,https://placehold.co/400x600/1a1a1a/ffffff.png?text=The%20Cursed%20Hour&font=roboto,631,0
Whispering Basement,"Whispering Basement follows a family drawn to a house that shouldn't exist, where something patient and unexplained has been waiting far longer than anyone realizes.",Charles Moreau,Horror,https://placehold.co/400x600/1a1a1a/ffffff.png?text=Whispering%20Basement&font=roboto,335,0
The Static of a House That Shouldn't Exist,"The Static of a House That Shouldn't Exist follows a family drawn to a house that shouldn't exist, where something patient and unexplained has been waiting far longer than anyone realizes.",David Lockhart,Horror,https://placehold.co/400x600/1a1a1a/ffffff.png?text=The%20Static%20of%20a%20House%20That%20Shouldn%27t%20Exist&font=roboto,536,0
Whispering Hour,"Whispering Hour follows a family drawn to an abandoned town, where something patient and unexplained has been waiting far longer than anyone realizes.",Betty Nakamura,Horror,https://placehold.co/400x600/1a1a1a/ffffff.png?text=Whispering%20Hour&font=roboto,665,0
Silent Hour,"Silent Hour follows a family drawn to an abandoned town, where something patient and unexplained has been waiting far longer than anyone realizes.",Hiroshi Sinclair,Horror,https://placehold.co/400x600/1a1a1a/ffffff.png?text=Silent%20Hour&font=roboto,766,0
The Unseen Neighbor,"The Unseen Neighbor follows a family drawn to an old asylum, where something patient and unexplained has been waiting far longer than anyone realizes.",Jennifer Nakamura,Horror,https://placehold.co/400x600/1a1a1a/ffffff.png?text=The%20Unseen%20Neighbor&font=roboto,588,0
Neighbor of an Old Asylum,"Neighbor of an Old Asylum follows a family drawn to an old asylum, where something patient and unexplained has been waiting far longer than anyone realizes.",Richard Marlow,Horror,https://placehold.co/400x600/1a1a1a/ffffff.png?text=Neighbor%20of%20an%20Old%20Asylum&font=roboto,286,0
The Basement of an Abandoned Town,"The Basement of an Abandoned Town follows a family drawn to an abandoned town, where something patient and unexplained has been waiting far longer than anyone realizes.",Joshua Rossi,Horror,https://placehold.co/400x600/1a1a1a/ffffff.png?text=The%20Basement%20of%20an%20Abandoned%20Town&font=roboto,705,0
Cursed Basement,"Cursed Basement follows a family drawn to an abandoned town, where something patient and unexplained has been waiting far longer than anyone realizes.",James Andersen,Horror,https://placehold.co/400x600/1a1a1a/ffffff.png?text=Cursed%20Basement&font=roboto,684,0
The Silent Neighbor,"The Silent Neighbor follows a family drawn to a remote cabin, where something patient and unexplained has been waiting far longer than anyone realizes.",Kevin Kensington,Horror,https://placehold.co/400x600/1a1a1a/ffffff.png?text=The%20Silent%20Neighbor&font=roboto,519,0
The Whispering Neighbor,"The Whispering Neighbor follows a family drawn to an old asylum, where something patient and unexplained has been waiting far longer than anyone realizes.",Kimberly Kobayashi,Horror,https://placehold.co/400x600/1a1a1a/ffffff.png?text=The%20Whispering%20Neighbor&font=roboto,582,0
The Neighbor of a Remote Cabin,"The Neighbor of a Remote Cabin follows a family drawn to a remote cabin, where something patient and unexplained has been waiting far longer than anyone realizes.",Kavya Petrov,Horror,https://placehold.co/400x600/1a1a1a/ffffff.png?text=The%20Neighbor%20of%20a%20Remote%20Cabin&font=roboto,719,0
Whispering Static,"Whispering Static follows a family drawn to a house that shouldn't exist, where something patient and unexplained has been waiting far longer than anyone realizes.",Paul Ashford,Horror,https://placehold.co/400x600/1a1a1a/ffffff.png?text=Whispering%20Static&font=roboto,740,0
The Woods of an Abandoned Town,"The Woods of an Abandoned Town follows a family drawn to an abandoned town, where something patient and unexplained has been waiting far longer than anyone realizes.",Sandra Delacroix,Horror,https://placehold.co/400x600/1a1a1a/ffffff.png?text=The%20Woods%20of%20an%20Abandoned%20Town&font=roboto,865,0
Basement of a House That Shouldn't Exist,"Basement of a House That Shouldn't Exist follows a family drawn to a house that shouldn't exist, where something patient and unexplained has been waiting far longer than anyone realizes.",Amanda Petrov,Horror,https://placehold.co/400x600/1a1a1a/ffffff.png?text=Basement%20of%20a%20House%20That%20Shouldn%27t%20Exist&font=roboto,777,0
The Hollow Ritual,"The Hollow Ritual follows a family drawn to a remote cabin, where something patient and unexplained has been waiting far longer than anyone realizes.",Deborah Foster,Horror,https://placehold.co/400x600/1a1a1a/ffffff.png?text=The%20Hollow%20Ritual&font=roboto,772,0
The Buried Ritual,"The Buried Ritual follows a family drawn to a remote cabin, where something patient and unexplained has been waiting far longer than anyone realizes.",John Rossi,Horror,https://placehold.co/400x600/1a1a1a/ffffff.png?text=The%20Buried%20Ritual&font=roboto,671,0
House of an Old Asylum,"House of an Old Asylum follows a family drawn to an old asylum, where something patient and unexplained has been waiting far longer than anyone realizes.",Steven Carter,Horror,https://placehold.co/400x600/1a1a1a/ffffff.png?text=House%20of%20an%20Old%20Asylum&font=roboto,310,0
The Cursed Neighbor,"The Cursed Neighbor follows a family drawn to an old asylum, where something patient and unexplained has been waiting far longer than anyone realizes.",Priya Hartley,Horror,https://placehold.co/400x600/1a1a1a/ffffff.png?text=The%20Cursed%20Neighbor&font=roboto,749,0
Hour of an Abandoned Town,"Hour of an Abandoned Town follows a family drawn to an abandoned town, where something patient and unexplained has been waiting far longer than anyone realizes.",Joshua Petrov,Horror,https://placehold.co/400x600/1a1a1a/ffffff.png?text=Hour%20of%20an%20Abandoned%20Town&font=roboto,745,0
The Ritual of a Remote Cabin,"The Ritual of a Remote Cabin follows a family drawn to a remote cabin, where something patient and unexplained has been waiting far longer than anyone realizes.",Anthony Osei,Horror,https://placehold.co/400x600/1a1a1a/ffffff.png?text=The%20Ritual%20of%20a%20Remote%20Cabin&font=roboto,562,0
The Cursed Woods,"The Cursed Woods follows a family drawn to a house that shouldn't exist, where something patient and unexplained has been waiting far longer than anyone realizes.",Sofia Bishop,Horror,https://placehold.co/400x600/1a1a1a/ffffff.png?text=The%20Cursed%20Woods&font=roboto,721,0
Buried Static,"Buried Static follows a family drawn to a house that shouldn't exist, where something patient and unexplained has been waiting far longer than anyone realizes.",Divya Moreau,Horror,https://placehold.co/400x600/1a1a1a/ffffff.png?text=Buried%20Static&font=roboto,177,0
Hollow Ritual,"Hollow Ritual follows a family drawn to an abandoned town, where something patient and unexplained has been waiting far longer than anyone realizes.",Ronald Lockhart,Horror,https://placehold.co/400x600/1a1a1a/ffffff.png?text=Hollow%20Ritual&font=roboto,842,0
The Cursed Basement,"The Cursed Basement follows a family drawn to an old asylum, where something patient and unexplained has been waiting far longer than anyone realizes.",Barbara Hartley,Horror,https://placehold.co/400x600/1a1a1a/ffffff.png?text=The%20Cursed%20Basement&font=roboto,838,0
The Woods of a House That Shouldn't Exist,"The Woods of a House That Shouldn't Exist follows a family drawn to a house that shouldn't exist, where something patient and unexplained has been waiting far longer than anyone realizes.",Kevin Thorne,Horror,https://placehold.co/400x600/1a1a1a/ffffff.png?text=The%20Woods%20of%20a%20House%20That%20Shouldn%27t%20Exist&font=roboto,372,0
The Basement of a House That Shouldn't Exist,"The Basement of a House That Shouldn't Exist follows a family drawn to a house that shouldn't exist, where something patient and unexplained has been waiting far longer than anyone realizes.",Betty Sutton,Horror,https://placehold.co/400x600/1a1a1a/ffffff.png?text=The%20Basement%20of%20a%20House%20That%20Shouldn%27t%20Exist&font=roboto,396,0
The Basement of a Remote Cabin,"The Basement of a Remote Cabin follows a family drawn to a remote cabin, where something patient and unexplained has been waiting far longer than anyone realizes.",Ashley O'Connell,Horror,https://placehold.co/400x600/1a1a1a/ffffff.png?text=The%20Basement%20of%20a%20Remote%20Cabin&font=roboto,513,0
Silent House,"Silent House follows a family drawn to a house that shouldn't exist, where something patient and unexplained has been waiting far longer than anyone realizes.",Deborah O'Connell,Horror,https://placehold.co/400x600/1a1a1a/ffffff.png?text=Silent%20House&font=roboto,471,0
Cursed Grave,"Cursed Grave follows a family drawn to a remote cabin, where something patient and unexplained has been waiting far longer than anyone realizes.",Lucas Vance,Horror,https://placehold.co/400x600/1a1a1a/ffffff.png?text=Cursed%20Grave&font=roboto,556,0
House of a House That Shouldn't Exist,"House of a House That Shouldn't Exist follows a family drawn to a house that shouldn't exist, where something patient and unexplained has been waiting far longer than anyone realizes.",Hiroshi Kobayashi,Horror,https://placehold.co/400x600/1a1a1a/ffffff.png?text=House%20of%20a%20House%20That%20Shouldn%27t%20Exist&font=roboto,182,0
The Rotting Static,"The Rotting Static follows a family drawn to an abandoned town, where something patient and unexplained has been waiting far longer than anyone realizes.",Mary Pierce,Horror,https://placehold.co/400x600/1a1a1a/ffffff.png?text=The%20Rotting%20Static&font=roboto,537,0
The Empty Static,"The Empty Static follows a family drawn to an old asylum, where something patient and unexplained has been waiting far longer than anyone realizes.",Lisa Petrov,Horror,https://placehold.co/400x600/1a1a1a/ffffff.png?text=The%20Empty%20Static&font=roboto,418,0
Grave of an Old Asylum,"Grave of an Old Asylum follows a family drawn to an old asylum, where something patient and unexplained has been waiting far longer than anyone realizes.",Edward Marsh,Horror,https://placehold.co/400x600/1a1a1a/ffffff.png?text=Grave%20of%20an%20Old%20Asylum&font=roboto,659,0
Buried Neighbor,"Buried Neighbor follows a family drawn to an old asylum, where something patient and unexplained has been waiting far longer than anyone realizes.",Edward Hartley,Horror,https://placehold.co/400x600/1a1a1a/ffffff.png?text=Buried%20Neighbor&font=roboto,435,0
Whispering Woods,"Whispering Woods follows a family drawn to a remote cabin, where something patient and unexplained has been waiting far longer than anyone realizes.",Richard Vance,Horror,https://placehold.co/400x600/1a1a1a/ffffff.png?text=Whispering%20Woods&font=roboto,390,0
Unseen Basement,"Unseen Basement follows a family drawn to a remote cabin, where something patient and unexplained has been waiting far longer than anyone realizes.",Karen Sharma,Horror,https://placehold.co/400x600/1a1a1a/ffffff.png?text=Unseen%20Basement&font=roboto,158,0
Grave of a Remote Cabin,"Grave of a Remote Cabin follows a family drawn to a remote cabin, where something patient and unexplained has been waiting far longer than anyone realizes.",Chiara Kobayashi,Horror,https://placehold.co/400x600/1a1a1a/ffffff.png?text=Grave%20of%20a%20Remote%20Cabin&font=roboto,886,0
The Unseen Hour,"The Unseen Hour follows a family drawn to a remote cabin, where something patient and unexplained has been waiting far longer than anyone realizes.",Linda Pierce,Horror,https://placehold.co/400x600/1a1a1a/ffffff.png?text=The%20Unseen%20Hour&font=roboto,409,0
Hollow Grave,"Hollow Grave follows a family drawn to an old asylum, where something patient and unexplained has been waiting far longer than anyone realizes.",Kimberly Blackwood,Horror,https://placehold.co/400x600/1a1a1a/ffffff.png?text=Hollow%20Grave&font=roboto,517,0
The House of a House That Shouldn't Exist,"The House of a House That Shouldn't Exist follows a family drawn to a house that shouldn't exist, where something patient and unexplained has been waiting far longer than anyone realizes.",Jessica Thorne,Horror,https://placehold.co/400x600/1a1a1a/ffffff.png?text=The%20House%20of%20a%20House%20That%20Shouldn%27t%20Exist&font=roboto,844,0
Ritual of an Old Asylum,"Ritual of an Old Asylum follows a family drawn to an old asylum, where something patient and unexplained has been waiting far longer than anyone realizes.",Carol Kapoor,Horror,https://placehold.co/400x600/1a1a1a/ffffff.png?text=Ritual%20of%20an%20Old%20Asylum&font=roboto,648,0
Hollow Neighbor,"Hollow Neighbor follows a family drawn to an old asylum, where something patient and unexplained has been waiting far longer than anyone realizes.",Aditya Whitfield,Horror,https://placehold.co/400x600/1a1a1a/ffffff.png?text=Hollow%20Neighbor&font=roboto,320,0
The Neighbor of an Abandoned Town,"The Neighbor of an Abandoned Town follows a family drawn to an abandoned town, where something patient and unexplained has been waiting far longer than anyone realizes.",William Ellison,Horror,https://placehold.co/400x600/1a1a1a/ffffff.png?text=The%20Neighbor%20of%20an%20Abandoned%20Town&font=roboto,500,0
The Ritual of a House That Shouldn't Exist,"The Ritual of a House That Shouldn't Exist follows a family drawn to a house that shouldn't exist, where something patient and unexplained has been waiting far longer than anyone realizes.",Edward Moreau,Horror,https://placehold.co/400x600/1a1a1a/ffffff.png?text=The%20Ritual%20of%20a%20House%20That%20Shouldn%27t%20Exist&font=roboto,682,0
Unseen Woods,"Unseen Woods follows a family drawn to a remote cabin, where something patient and unexplained has been waiting far longer than anyone realizes.",Robert Sinclair,Horror,https://placehold.co/400x600/1a1a1a/ffffff.png?text=Unseen%20Woods&font=roboto,894,0
Hour of a Remote Cabin,"Hour of a Remote Cabin follows a family drawn to a remote cabin, where something patient and unexplained has been waiting far longer than anyone realizes.",Nancy Hartley,Horror,https://placehold.co/400x600/1a1a1a/ffffff.png?text=Hour%20of%20a%20Remote%20Cabin&font=roboto,254,0
The Hollow Grave,"The Hollow Grave follows a family drawn to an abandoned town, where something patient and unexplained has been waiting far longer than anyone realizes.",Patricia Hartley,Horror,https://placehold.co/400x600/1a1a1a/ffffff.png?text=The%20Hollow%20Grave&font=roboto,685,0
The Unseen Ritual,"The Unseen Ritual follows a family drawn to a remote cabin, where something patient and unexplained has been waiting far longer than anyone realizes.",Ashley Redwood,Horror,https://placehold.co/400x600/1a1a1a/ffffff.png?text=The%20Unseen%20Ritual&font=roboto,602,0
Woods of an Abandoned Town,"Woods of an Abandoned Town follows a family drawn to an abandoned town, where something patient and unexplained has been waiting far longer than anyone realizes.",John Thorne,Horror,https://placehold.co/400x600/1a1a1a/ffffff.png?text=Woods%20of%20an%20Abandoned%20Town&font=roboto,482,0
Rotting Ritual,"Rotting Ritual follows a family drawn to a house that shouldn't exist, where something patient and unexplained has been waiting far longer than anyone realizes.",Sarah Kobayashi,Horror,https://placehold.co/400x600/1a1a1a/ffffff.png?text=Rotting%20Ritual&font=roboto,330,0
Unseen Ritual,"Unseen Ritual follows a family drawn to an old asylum, where something patient and unexplained has been waiting far longer than anyone realizes.",Hiroshi Kobayashi,Horror,https://placehold.co/400x600/1a1a1a/ffffff.png?text=Unseen%20Ritual&font=roboto,381,0
The Hidden Summit,"The Hidden Summit follows a small expedition into the himalayas, where survival depends on decisions made far from any help.",Kavya Harrow,Adventure,https://placehold.co/400x600/355e3b/ffffff.png?text=The%20Hidden%20Summit&font=roboto,308,0
The Expedition of an Uncharted Island,"The Expedition of an Uncharted Island follows a small expedition into an uncharted island, where survival depends on decisions made far from any help.",George Redwood,Adventure,https://placehold.co/400x600/355e3b/ffffff.png?text=The%20Expedition%20of%20an%20Uncharted%20Island&font=roboto,629,0
The Hidden Journey,"The Hidden Journey follows a small expedition into the himalayas, where survival depends on decisions made far from any help.",Mary Marlow,Adventure,https://placehold.co/400x600/355e3b/ffffff.png?text=The%20Hidden%20Journey&font=roboto,448,0
Crossing of an Uncharted Island,"Crossing of an Uncharted Island follows a small expedition into an uncharted island, where survival depends on decisions made far from any help.",Kavya Petrov,Adventure,https://placehold.co/400x600/355e3b/ffffff.png?text=Crossing%20of%20an%20Uncharted%20Island&font=roboto,596,0
Distant Trail,"Distant Trail follows a small expedition into the arctic circle, where survival depends on decisions made far from any help.",Ronald Lockhart,Adventure,https://placehold.co/400x600/355e3b/ffffff.png?text=Distant%20Trail&font=roboto,418,0
The Golden Passage,"The Golden Passage follows a small expedition into the himalayas, where survival depends on decisions made far from any help.",Joshua Kobayashi,Adventure,https://placehold.co/400x600/355e3b/ffffff.png?text=The%20Golden%20Passage&font=roboto,424,0
Distant Voyage,"Distant Voyage follows a small expedition into an uncharted island, where survival depends on decisions made far from any help.",Sarah Redwood,Adventure,https://placehold.co/400x600/355e3b/ffffff.png?text=Distant%20Voyage&font=roboto,262,0
Hidden Summit,"Hidden Summit follows a small expedition into the arctic circle, where survival depends on decisions made far from any help.",Anthony Callahan,Adventure,https://placehold.co/400x600/355e3b/ffffff.png?text=Hidden%20Summit&font=roboto,168,0
Expedition of an Uncharted Island,"Expedition of an Uncharted Island follows a small expedition into an uncharted island, where survival depends on decisions made far from any help.",Susan Redwood,Adventure,https://placehold.co/400x600/355e3b/ffffff.png?text=Expedition%20of%20an%20Uncharted%20Island&font=roboto,424,0
The Wild Expedition,"The Wild Expedition follows a small expedition into the arctic circle, where survival depends on decisions made far from any help.",Margaret Merrick,Adventure,https://placehold.co/400x600/355e3b/ffffff.png?text=The%20Wild%20Expedition&font=roboto,579,0
The Crossing of the Arctic Circle,"The Crossing of the Arctic Circle follows a small expedition into the arctic circle, where survival depends on decisions made far from any help.",John Merrick,Adventure,https://placehold.co/400x600/355e3b/ffffff.png?text=The%20Crossing%20of%20the%20Arctic%20Circle&font=roboto,231,0
Summit of the Arctic Circle,"Summit of the Arctic Circle follows a small expedition into the arctic circle, where survival depends on decisions made far from any help.",Elizabeth Kobayashi,Adventure,https://placehold.co/400x600/355e3b/ffffff.png?text=Summit%20of%20the%20Arctic%20Circle&font=roboto,630,0
The Uncharted Passage,"The Uncharted Passage follows a small expedition into the arctic circle, where survival depends on decisions made far from any help.",Meera Sutton,Adventure,https://placehold.co/400x600/355e3b/ffffff.png?text=The%20Uncharted%20Passage&font=roboto,183,0
Voyage of an Uncharted Island,"Voyage of an Uncharted Island follows a small expedition into an uncharted island, where survival depends on decisions made far from any help.",Yuki Winters,Adventure,https://placehold.co/400x600/355e3b/ffffff.png?text=Voyage%20of%20an%20Uncharted%20Island&font=roboto,846,0
The Trail of the Amazon,"The Trail of the Amazon follows a small expedition into the amazon, where survival depends on decisions made far from any help.",Chiara Grant,Adventure,https://placehold.co/400x600/355e3b/ffffff.png?text=The%20Trail%20of%20the%20Amazon&font=roboto,408,0
Final Passage,"Final Passage follows a small expedition into the himalayas, where survival depends on decisions made far from any help.",Michael Pierce,Adventure,https://placehold.co/400x600/355e3b/ffffff.png?text=Final%20Passage&font=roboto,264,0
Crossing of the Amazon,"Crossing of the Amazon follows a small expedition into the amazon, where survival depends on decisions made far from any help.",Nancy Vance,Adventure,https://placehold.co/400x600/355e3b/ffffff.png?text=Crossing%20of%20the%20Amazon&font=roboto,747,0
The Hidden Trail,"The Hidden Trail follows a small expedition into the himalayas, where survival depends on decisions made far from any help.",Barbara Sutton,Adventure,https://placehold.co/400x600/355e3b/ffffff.png?text=The%20Hidden%20Trail&font=roboto,310,0
Uncharted Crossing,"Uncharted Crossing follows a small expedition into the amazon, where survival depends on decisions made far from any help.",Linda Thorne,Adventure,https://placehold.co/400x600/355e3b/ffffff.png?text=Uncharted%20Crossing&font=roboto,809,0
Trail of the Arctic Circle,"Trail of the Arctic Circle follows a small expedition into the arctic circle, where survival depends on decisions made far from any help.",Sandra Callahan,Adventure,https://placehold.co/400x600/355e3b/ffffff.png?text=Trail%20of%20the%20Arctic%20Circle&font=roboto,720,0
The Passage of the Amazon,"The Passage of the Amazon follows a small expedition into the amazon, where survival depends on decisions made far from any help.",Ronald Thorne,Adventure,https://placehold.co/400x600/355e3b/ffffff.png?text=The%20Passage%20of%20the%20Amazon&font=roboto,890,0
Expedition of the Arctic Circle,"Expedition of the Arctic Circle follows a small expedition into the arctic circle, where survival depends on decisions made far from any help.",Meera Petrov,Adventure,https://placehold.co/400x600/355e3b/ffffff.png?text=Expedition%20of%20the%20Arctic%20Circle&font=roboto,450,0
The Summit of an Uncharted Island,"The Summit of an Uncharted Island follows a small expedition into an uncharted island, where survival depends on decisions made far from any help.",David Nakamura,Adventure,https://placehold.co/400x600/355e3b/ffffff.png?text=The%20Summit%20of%20an%20Uncharted%20Island&font=roboto,307,0
Final Summit,"Final Summit follows a small expedition into the himalayas, where survival depends on decisions made far from any help.",Divya Carter,Adventure,https://placehold.co/400x600/355e3b/ffffff.png?text=Final%20Summit&font=roboto,802,0
Wild Expedition,"Wild Expedition follows a small expedition into the himalayas, where survival depends on decisions made far from any help.",Steven Callahan,Adventure,https://placehold.co/400x600/355e3b/ffffff.png?text=Wild%20Expedition&font=roboto,887,0
Crossing of the Arctic Circle,"Crossing of the Arctic Circle follows a small expedition into the arctic circle, where survival depends on decisions made far from any help.",Carol Grant,Adventure,https://placehold.co/400x600/355e3b/ffffff.png?text=Crossing%20of%20the%20Arctic%20Circle&font=roboto,247,0
The Lost Trail,"The Lost Trail follows a small expedition into an uncharted island, where survival depends on decisions made far from any help.",John Doyle,Adventure,https://placehold.co/400x600/355e3b/ffffff.png?text=The%20Lost%20Trail&font=roboto,258,0
The Voyage of the Amazon,"The Voyage of the Amazon follows a small expedition into the amazon, where survival depends on decisions made far from any help.",Mark Iyer,Adventure,https://placehold.co/400x600/355e3b/ffffff.png?text=The%20Voyage%20of%20the%20Amazon&font=roboto,230,0
Lost Crossing,"Lost Crossing follows a small expedition into the arctic circle, where survival depends on decisions made far from any help.",Deborah Morgan,Adventure,https://placehold.co/400x600/355e3b/ffffff.png?text=Lost%20Crossing&font=roboto,780,0
The Voyage of the Himalayas,"The Voyage of the Himalayas follows a small expedition into the himalayas, where survival depends on decisions made far from any help.",Elizabeth Pierce,Adventure,https://placehold.co/400x600/355e3b/ffffff.png?text=The%20Voyage%20of%20the%20Himalayas&font=roboto,680,0
Passage of an Uncharted Island,"Passage of an Uncharted Island follows a small expedition into an uncharted island, where survival depends on decisions made far from any help.",Rohan Bishop,Adventure,https://placehold.co/400x600/355e3b/ffffff.png?text=Passage%20of%20an%20Uncharted%20Island&font=roboto,802,0
The Map of the Amazon,"The Map of the Amazon follows a small expedition into the amazon, where survival depends on decisions made far from any help.",Nancy Marsh,Adventure,https://placehold.co/400x600/355e3b/ffffff.png?text=The%20Map%20of%20the%20Amazon&font=roboto,712,0
Perilous Trail,"Perilous Trail follows a small expedition into the arctic circle, where survival depends on decisions made far from any help.",Melissa Callahan,Adventure,https://placehold.co/400x600/355e3b/ffffff.png?text=Perilous%20Trail&font=roboto,712,0
The Map of the Arctic Circle,"The Map of the Arctic Circle follows a small expedition into the arctic circle, where survival depends on decisions made far from any help.",Carol Rossi,Adventure,https://placehold.co/400x600/355e3b/ffffff.png?text=The%20Map%20of%20the%20Arctic%20Circle&font=roboto,395,0
Summit of the Himalayas,"Summit of the Himalayas follows a small expedition into the himalayas, where survival depends on decisions made far from any help.",Rahul Delacroix,Adventure,https://placehold.co/400x600/355e3b/ffffff.png?text=Summit%20of%20the%20Himalayas&font=roboto,555,0
The Lost Summit,"The Lost Summit follows a small expedition into the amazon, where survival depends on decisions made far from any help.",Chiara Sinclair,Adventure,https://placehold.co/400x600/355e3b/ffffff.png?text=The%20Lost%20Summit&font=roboto,458,0
The Final Passage,"The Final Passage follows a small expedition into an uncharted island, where survival depends on decisions made far from any help.",Kevin Bennett,Adventure,https://placehold.co/400x600/355e3b/ffffff.png?text=The%20Final%20Passage&font=roboto,855,0
The Passage of an Uncharted Island,"The Passage of an Uncharted Island follows a small expedition into an uncharted island, where survival depends on decisions made far from any help.",Paul Ashford,Adventure,https://placehold.co/400x600/355e3b/ffffff.png?text=The%20Passage%20of%20an%20Uncharted%20Island&font=roboto,243,0
Wild Journey,"Wild Journey follows a small expedition into the amazon, where survival depends on decisions made far from any help.",Kenneth Hayes,Adventure,https://placehold.co/400x600/355e3b/ffffff.png?text=Wild%20Journey&font=roboto,897,0
Uncharted Expedition,"Uncharted Expedition follows a small expedition into the himalayas, where survival depends on decisions made far from any help.",George Marlow,Adventure,https://placehold.co/400x600/355e3b/ffffff.png?text=Uncharted%20Expedition&font=roboto,575,0
The Distant Expedition,"The Distant Expedition follows a small expedition into the arctic circle, where survival depends on decisions made far from any help.",Michael Ashford,Adventure,https://placehold.co/400x600/355e3b/ffffff.png?text=The%20Distant%20Expedition&font=roboto,685,0
The Perilous Trail,"The Perilous Trail follows a small expedition into the himalayas, where survival depends on decisions made far from any help.",Sofia Lockhart,Adventure,https://placehold.co/400x600/355e3b/ffffff.png?text=The%20Perilous%20Trail&font=roboto,305,0
The Golden Journey,"The Golden Journey follows a small expedition into the amazon, where survival depends on decisions made far from any help.",Donald Marlow,Adventure,https://placehold.co/400x600/355e3b/ffffff.png?text=The%20Golden%20Journey&font=roboto,445,0
Wild Trail,"Wild Trail follows a small expedition into the himalayas, where survival depends on decisions made far from any help.",William Sharma,Adventure,https://placehold.co/400x600/355e3b/ffffff.png?text=Wild%20Trail&font=roboto,734,0
The Golden Summit,"The Golden Summit follows a small expedition into the amazon, where survival depends on decisions made far from any help.",Arjun Kapoor,Adventure,https://placehold.co/400x600/355e3b/ffffff.png?text=The%20Golden%20Summit&font=roboto,593,0
Journey of an Uncharted Island,"Journey of an Uncharted Island follows a small expedition into an uncharted island, where survival depends on decisions made far from any help.",Elena Hartley,Adventure,https://placehold.co/400x600/355e3b/ffffff.png?text=Journey%20of%20an%20Uncharted%20Island&font=roboto,816,0
Passage of the Amazon,"Passage of the Amazon follows a small expedition into the amazon, where survival depends on decisions made far from any help.",Andrew Marlow,Adventure,https://placehold.co/400x600/355e3b/ffffff.png?text=Passage%20of%20the%20Amazon&font=roboto,480,0
The Uncharted Map,"The Uncharted Map follows a small expedition into the arctic circle, where survival depends on decisions made far from any help.",Edward Thorne,Adventure,https://placehold.co/400x600/355e3b/ffffff.png?text=The%20Uncharted%20Map&font=roboto,344,0
The Expedition of the Himalayas,"The Expedition of the Himalayas follows a small expedition into the himalayas, where survival depends on decisions made far from any help.",Nancy Thorne,Adventure,https://placehold.co/400x600/355e3b/ffffff.png?text=The%20Expedition%20of%20the%20Himalayas&font=roboto,780,0
The Uncharted Expedition,"The Uncharted Expedition follows a small expedition into an uncharted island, where survival depends on decisions made far from any help.",Charles Redwood,Adventure,https://placehold.co/400x600/355e3b/ffffff.png?text=The%20Uncharted%20Expedition&font=roboto,163,0
The Summit of the Arctic Circle,"The Summit of the Arctic Circle follows a small expedition into the arctic circle, where survival depends on decisions made far from any help.",Yuki Bennett,Adventure,https://placehold.co/400x600/355e3b/ffffff.png?text=The%20Summit%20of%20the%20Arctic%20Circle&font=roboto,488,0
Passage of the Himalayas,"Passage of the Himalayas follows a small expedition into the himalayas, where survival depends on decisions made far from any help.",Hiroshi O'Connell,Adventure,https://placehold.co/400x600/355e3b/ffffff.png?text=Passage%20of%20the%20Himalayas&font=roboto,896,0
Map of the Amazon,"Map of the Amazon follows a small expedition into the amazon, where survival depends on decisions made far from any help.",Paul Ellison,Adventure,https://placehold.co/400x600/355e3b/ffffff.png?text=Map%20of%20the%20Amazon&font=roboto,210,0
The Summit of the Amazon,"The Summit of the Amazon follows a small expedition into the amazon, where survival depends on decisions made far from any help.",Aditya Carter,Adventure,https://placehold.co/400x600/355e3b/ffffff.png?text=The%20Summit%20of%20the%20Amazon&font=roboto,217,0
Final Crossing,"Final Crossing follows a small expedition into the amazon, where survival depends on decisions made far from any help.",Robert Redwood,Adventure,https://placehold.co/400x600/355e3b/ffffff.png?text=Final%20Crossing&font=roboto,813,0
Distant Map,"Distant Map follows a small expedition into the amazon, where survival depends on decisions made far from any help.",Kevin Iyer,Adventure,https://placehold.co/400x600/355e3b/ffffff.png?text=Distant%20Map&font=roboto,760,0
The Wild Passage,"The Wild Passage follows a small expedition into the arctic circle, where survival depends on decisions made far from any help.",Robert Hayes,Adventure,https://placehold.co/400x600/355e3b/ffffff.png?text=The%20Wild%20Passage&font=roboto,402,0
The Journey of the Arctic Circle,"The Journey of the Arctic Circle follows a small expedition into the arctic circle, where survival depends on decisions made far from any help.",Daniel Bennett,Adventure,https://placehold.co/400x600/355e3b/ffffff.png?text=The%20Journey%20of%20the%20Arctic%20Circle&font=roboto,504,0
Wild Passage,"Wild Passage follows a small expedition into an uncharted island, where survival depends on decisions made far from any help.",Oliver Doyle,Adventure,https://placehold.co/400x600/355e3b/ffffff.png?text=Wild%20Passage&font=roboto,290,0
The Map of an Uncharted Island,"The Map of an Uncharted Island follows a small expedition into an uncharted island, where survival depends on decisions made far from any help.",Daniel Callahan,Adventure,https://placehold.co/400x600/355e3b/ffffff.png?text=The%20Map%20of%20an%20Uncharted%20Island&font=roboto,218,0
The Wild Crossing,"The Wild Crossing follows a small expedition into an uncharted island, where survival depends on decisions made far from any help.",Patricia Callahan,Adventure,https://placehold.co/400x600/355e3b/ffffff.png?text=The%20Wild%20Crossing&font=roboto,572,0
Final Journey,"Final Journey follows a small expedition into the himalayas, where survival depends on decisions made far from any help.",Karen Doyle,Adventure,https://placehold.co/400x600/355e3b/ffffff.png?text=Final%20Journey&font=roboto,258,0
Strategy of Modern Organizations,"Strategy of Modern Organizations distills practical lessons for operating in modern organizations, drawn from case studies of companies that adapted — and those that didn't.",Sandra Rossi,Business,https://placehold.co/400x600/264653/ffffff.png?text=Strategy%20of%20Modern%20Organizations&font=roboto,386,0
The Scalable Leadership,"The Scalable Leadership distills practical lessons for operating in a changing economy, drawn from case studies of companies that adapted — and those that didn't.",Sarah Kapoor,Business,https://placehold.co/400x600/264653/ffffff.png?text=The%20Scalable%20Leadership&font=roboto,768,0
Scalable Growth,"Scalable Growth distills practical lessons for operating in modern organizations, drawn from case studies of companies that adapted — and those that didn't.",Lisa Winters,Business,https://placehold.co/400x600/264653/ffffff.png?text=Scalable%20Growth&font=roboto,652,0
Bold Playbook,"Bold Playbook distills practical lessons for operating in a competitive industry, drawn from case studies of companies that adapted — and those that didn't.",Donald Hayes,Business,https://placehold.co/400x600/264653/ffffff.png?text=Bold%20Playbook&font=roboto,567,0
The Practical Advantage,"The Practical Advantage distills practical lessons for operating in a competitive industry, drawn from case studies of companies that adapted — and those that didn't.",Betty Pierce,Business,https://placehold.co/400x600/264653/ffffff.png?text=The%20Practical%20Advantage&font=roboto,216,0
Leadership of a Changing Economy,"Leadership of a Changing Economy distills practical lessons for operating in a changing economy, drawn from case studies of companies that adapted — and those that didn't.",Carol Osei,Business,https://placehold.co/400x600/264653/ffffff.png?text=Leadership%20of%20a%20Changing%20Economy&font=roboto,401,0
Modern Leadership,"Modern Leadership distills practical lessons for operating in uncertain markets, drawn from case studies of companies that adapted — and those that didn't.",Ronald Callahan,Business,https://placehold.co/400x600/264653/ffffff.png?text=Modern%20Leadership&font=roboto,552,0
The Honest Strategy,"The Honest Strategy distills practical lessons for operating in a changing economy, drawn from case studies of companies that adapted — and those that didn't.",Divya Hayes,Business,https://placehold.co/400x600/264653/ffffff.png?text=The%20Honest%20Strategy&font=roboto,400,0
Scalable Strategy,"Scalable Strategy distills practical lessons for operating in a changing economy, drawn from case studies of companies that adapted — and those that didn't.",Chiara Morgan,Business,https://placehold.co/400x600/264653/ffffff.png?text=Scalable%20Strategy&font=roboto,343,0
The Advantage of Modern Organizations,"The Advantage of Modern Organizations distills practical lessons for operating in modern organizations, drawn from case studies of companies that adapted — and those that didn't.",Joshua Osei,Business,https://placehold.co/400x600/264653/ffffff.png?text=The%20Advantage%20of%20Modern%20Organizations&font=roboto,319,0
Practical Pivot,"Practical Pivot distills practical lessons for operating in uncertain markets, drawn from case studies of companies that adapted — and those that didn't.",Chiara Whitfield,Business,https://placehold.co/400x600/264653/ffffff.png?text=Practical%20Pivot&font=roboto,623,0
Lean Growth,"Lean Growth distills practical lessons for operating in uncertain markets, drawn from case studies of companies that adapted — and those that didn't.",Lisa Moreau,Business,https://placehold.co/400x600/264653/ffffff.png?text=Lean%20Growth&font=roboto,861,0
Advantage of Modern Organizations,"Advantage of Modern Organizations distills practical lessons for operating in modern organizations, drawn from case studies of companies that adapted — and those that didn't.",Rahul Bennett,Business,https://placehold.co/400x600/264653/ffffff.png?text=Advantage%20of%20Modern%20Organizations&font=roboto,332,0
Honest Growth,"Honest Growth distills practical lessons for operating in a competitive industry, drawn from case studies of companies that adapted — and those that didn't.",Divya Foster,Business,https://placehold.co/400x600/264653/ffffff.png?text=Honest%20Growth&font=roboto,405,0
The Growth of a Competitive Industry,"The Growth of a Competitive Industry distills practical lessons for operating in a competitive industry, drawn from case studies of companies that adapted — and those that didn't.",Jessica Foster,Business,https://placehold.co/400x600/264653/ffffff.png?text=The%20Growth%20of%20a%20Competitive%20Industry&font=roboto,265,0
Scalable Model,"Scalable Model distills practical lessons for operating in uncertain markets, drawn from case studies of companies that adapted — and those that didn't.",Noah Winters,Business,https://placehold.co/400x600/264653/ffffff.png?text=Scalable%20Model&font=roboto,893,0
Pivot of a Changing Economy,"Pivot of a Changing Economy distills practical lessons for operating in a changing economy, drawn from case studies of companies that adapted — and those that didn't.",Jennifer Ellison,Business,https://placehold.co/400x600/264653/ffffff.png?text=Pivot%20of%20a%20Changing%20Economy&font=roboto,492,0
Leadership of a Competitive Industry,"Leadership of a Competitive Industry distills practical lessons for operating in a competitive industry, drawn from case studies of companies that adapted — and those that didn't.",Matthew Morgan,Business,https://placehold.co/400x600/264653/ffffff.png?text=Leadership%20of%20a%20Competitive%20Industry&font=roboto,578,0
The Growth of a Changing Economy,"The Growth of a Changing Economy distills practical lessons for operating in a changing economy, drawn from case studies of companies that adapted — and those that didn't.",Joshua Marsh,Business,https://placehold.co/400x600/264653/ffffff.png?text=The%20Growth%20of%20a%20Changing%20Economy&font=roboto,269,0
The Modern Advantage,"The Modern Advantage distills practical lessons for operating in a changing economy, drawn from case studies of companies that adapted — and those that didn't.",Oliver Carter,Business,https://placehold.co/400x600/264653/ffffff.png?text=The%20Modern%20Advantage&font=roboto,771,0
Modern Advantage,"Modern Advantage distills practical lessons for operating in uncertain markets, drawn from case studies of companies that adapted — and those that didn't.",James Sutton,Business,https://placehold.co/400x600/264653/ffffff.png?text=Modern%20Advantage&font=roboto,709,0
The Bold Playbook,"The Bold Playbook distills practical lessons for operating in uncertain markets, drawn from case studies of companies that adapted — and those that didn't.",George Hayes,Business,https://placehold.co/400x600/264653/ffffff.png?text=The%20Bold%20Playbook&font=roboto,297,0
The Scalable Pivot,"The Scalable Pivot distills practical lessons for operating in modern organizations, drawn from case studies of companies that adapted — and those that didn't.",Brian Foster,Business,https://placehold.co/400x600/264653/ffffff.png?text=The%20Scalable%20Pivot&font=roboto,199,0
The Modern Playbook,"The Modern Playbook distills practical lessons for operating in a competitive industry, drawn from case studies of companies that adapted — and those that didn't.",Joshua O'Connell,Business,https://placehold.co/400x600/264653/ffffff.png?text=The%20Modern%20Playbook&font=roboto,825,0
Growth of Modern Organizations,"Growth of Modern Organizations distills practical lessons for operating in modern organizations, drawn from case studies of companies that adapted — and those that didn't.",John Foster,Business,https://placehold.co/400x600/264653/ffffff.png?text=Growth%20of%20Modern%20Organizations&font=roboto,455,0
The Advantage of Uncertain Markets,"The Advantage of Uncertain Markets distills practical lessons for operating in uncertain markets, drawn from case studies of companies that adapted — and those that didn't.",Ananya Petrov,Business,https://placehold.co/400x600/264653/ffffff.png?text=The%20Advantage%20of%20Uncertain%20Markets&font=roboto,215,0
The Playbook of Uncertain Markets,"The Playbook of Uncertain Markets distills practical lessons for operating in uncertain markets, drawn from case studies of companies that adapted — and those that didn't.",Emily Merrick,Business,https://placehold.co/400x600/264653/ffffff.png?text=The%20Playbook%20of%20Uncertain%20Markets&font=roboto,688,0
Honest Playbook,"Honest Playbook distills practical lessons for operating in a competitive industry, drawn from case studies of companies that adapted — and those that didn't.",Linda Bishop,Business,https://placehold.co/400x600/264653/ffffff.png?text=Honest%20Playbook&font=roboto,734,0
The Modern Growth,"The Modern Growth distills practical lessons for operating in modern organizations, drawn from case studies of companies that adapted — and those that didn't.",Ananya Rossi,Business,https://placehold.co/400x600/264653/ffffff.png?text=The%20Modern%20Growth&font=roboto,473,0
The Pivot of Modern Organizations,"The Pivot of Modern Organizations distills practical lessons for operating in modern organizations, drawn from case studies of companies that adapted — and those that didn't.",Thomas O'Connell,Business,https://placehold.co/400x600/264653/ffffff.png?text=The%20Pivot%20of%20Modern%20Organizations&font=roboto,725,0
Decisive Playbook,"Decisive Playbook distills practical lessons for operating in a competitive industry, drawn from case studies of companies that adapted — and those that didn't.",Donna Doyle,Business,https://placehold.co/400x600/264653/ffffff.png?text=Decisive%20Playbook&font=roboto,150,0
The Lean Advantage,"The Lean Advantage distills practical lessons for operating in uncertain markets, drawn from case studies of companies that adapted — and those that didn't.",Mark O'Connell,Business,https://placehold.co/400x600/264653/ffffff.png?text=The%20Lean%20Advantage&font=roboto,573,0
Lean Model,"Lean Model distills practical lessons for operating in modern organizations, drawn from case studies of companies that adapted — and those that didn't.",Margaret Carter,Business,https://placehold.co/400x600/264653/ffffff.png?text=Lean%20Model&font=roboto,804,0
Model of Modern Organizations,"Model of Modern Organizations distills practical lessons for operating in modern organizations, drawn from case studies of companies that adapted — and those that didn't.",David Ashford,Business,https://placehold.co/400x600/264653/ffffff.png?text=Model%20of%20Modern%20Organizations&font=roboto,456,0
The Strategy of Uncertain Markets,"The Strategy of Uncertain Markets distills practical lessons for operating in uncertain markets, drawn from case studies of companies that adapted — and those that didn't.",Brian Merrick,Business,https://placehold.co/400x600/264653/ffffff.png?text=The%20Strategy%20of%20Uncertain%20Markets&font=roboto,554,0
The Decisive Playbook,"The Decisive Playbook distills practical lessons for operating in a competitive industry, drawn from case studies of companies that adapted — and those that didn't.",Brian Merrick,Business,https://placehold.co/400x600/264653/ffffff.png?text=The%20Decisive%20Playbook&font=roboto,837,0
Playbook of a Changing Economy,"Playbook of a Changing Economy distills practical lessons for operating in a changing economy, drawn from case studies of companies that adapted — and those that didn't.",Freya Merrick,Business,https://placehold.co/400x600/264653/ffffff.png?text=Playbook%20of%20a%20Changing%20Economy&font=roboto,622,0
The Pivot of Uncertain Markets,"The Pivot of Uncertain Markets distills practical lessons for operating in uncertain markets, drawn from case studies of companies that adapted — and those that didn't.",Mark Andersen,Business,https://placehold.co/400x600/264653/ffffff.png?text=The%20Pivot%20of%20Uncertain%20Markets&font=roboto,850,0
The Leadership of Modern Organizations,"The Leadership of Modern Organizations distills practical lessons for operating in modern organizations, drawn from case studies of companies that adapted — and those that didn't.",David Whitfield,Business,https://placehold.co/400x600/264653/ffffff.png?text=The%20Leadership%20of%20Modern%20Organizations&font=roboto,436,0
Bold Pivot,"Bold Pivot distills practical lessons for operating in uncertain markets, drawn from case studies of companies that adapted — and those that didn't.",Michelle Callahan,Business,https://placehold.co/400x600/264653/ffffff.png?text=Bold%20Pivot&font=roboto,875,0
Bold Model,"Bold Model distills practical lessons for operating in a changing economy, drawn from case studies of companies that adapted — and those that didn't.",Kenneth Pierce,Business,https://placehold.co/400x600/264653/ffffff.png?text=Bold%20Model&font=roboto,686,0
The Strategy of Modern Organizations,"The Strategy of Modern Organizations distills practical lessons for operating in modern organizations, drawn from case studies of companies that adapted — and those that didn't.",John Doyle,Business,https://placehold.co/400x600/264653/ffffff.png?text=The%20Strategy%20of%20Modern%20Organizations&font=roboto,243,0
Honest Strategy,"Honest Strategy distills practical lessons for operating in a changing economy, drawn from case studies of companies that adapted — and those that didn't.",Sofia Whitfield,Business,https://placehold.co/400x600/264653/ffffff.png?text=Honest%20Strategy&font=roboto,343,0
The Growth of Modern Organizations,"The Growth of Modern Organizations distills practical lessons for operating in modern organizations, drawn from case studies of companies that adapted — and those that didn't.",Carol Whitfield,Business,https://placehold.co/400x600/264653/ffffff.png?text=The%20Growth%20of%20Modern%20Organizations&font=roboto,249,0
Growth of Uncertain Markets,"Growth of Uncertain Markets distills practical lessons for operating in uncertain markets, drawn from case studies of companies that adapted — and those that didn't.",Divya Winters,Business,https://placehold.co/400x600/264653/ffffff.png?text=Growth%20of%20Uncertain%20Markets&font=roboto,879,0
The Lean Model,"The Lean Model distills practical lessons for operating in uncertain markets, drawn from case studies of companies that adapted — and those that didn't.",Barbara Merrick,Business,https://placehold.co/400x600/264653/ffffff.png?text=The%20Lean%20Model&font=roboto,627,0
The Lean Pivot,"The Lean Pivot distills practical lessons for operating in modern organizations, drawn from case studies of companies that adapted — and those that didn't.",Robert Andersen,Business,https://placehold.co/400x600/264653/ffffff.png?text=The%20Lean%20Pivot&font=roboto,468,0
Playbook of a Competitive Industry,"Playbook of a Competitive Industry distills practical lessons for operating in a competitive industry, drawn from case studies of companies that adapted — and those that didn't.",Joshua Vance,Business,https://placehold.co/400x600/264653/ffffff.png?text=Playbook%20of%20a%20Competitive%20Industry&font=roboto,694,0
The Playbook of Modern Organizations,"The Playbook of Modern Organizations distills practical lessons for operating in modern organizations, drawn from case studies of companies that adapted — and those that didn't.",Joseph Carter,Business,https://placehold.co/400x600/264653/ffffff.png?text=The%20Playbook%20of%20Modern%20Organizations&font=roboto,786,0
The Bold Pivot,"The Bold Pivot distills practical lessons for operating in modern organizations, drawn from case studies of companies that adapted — and those that didn't.",Kevin Vance,Business,https://placehold.co/400x600/264653/ffffff.png?text=The%20Bold%20Pivot&font=roboto,293,0
The Playbook of a Competitive Industry,"The Playbook of a Competitive Industry distills practical lessons for operating in a competitive industry, drawn from case studies of companies that adapted — and those that didn't.",Elizabeth Ashford,Business,https://placehold.co/400x600/264653/ffffff.png?text=The%20Playbook%20of%20a%20Competitive%20Industry&font=roboto,776,0
Advantage of Uncertain Markets,"Advantage of Uncertain Markets distills practical lessons for operating in uncertain markets, drawn from case studies of companies that adapted — and those that didn't.",Susan Winters,Business,https://placehold.co/400x600/264653/ffffff.png?text=Advantage%20of%20Uncertain%20Markets&font=roboto,204,0
Honest Model,"Honest Model distills practical lessons for operating in modern organizations, drawn from case studies of companies that adapted — and those that didn't.",Brian Doyle,Business,https://placehold.co/400x600/264653/ffffff.png?text=Honest%20Model&font=roboto,879,0
The Decisive Leadership,"The Decisive Leadership distills practical lessons for operating in a changing economy, drawn from case studies of companies that adapted — and those that didn't.",Thomas Foster,Business,https://placehold.co/400x600/264653/ffffff.png?text=The%20Decisive%20Leadership&font=roboto,864,0
Lean Advantage,"Lean Advantage distills practical lessons for operating in modern organizations, drawn from case studies of companies that adapted — and those that didn't.",Aditya Sharma,Business,https://placehold.co/400x600/264653/ffffff.png?text=Lean%20Advantage&font=roboto,386,0
Leadership of Modern Organizations,"Leadership of Modern Organizations distills practical lessons for operating in modern organizations, drawn from case studies of companies that adapted — and those that didn't.",Edward Hartley,Business,https://placehold.co/400x600/264653/ffffff.png?text=Leadership%20of%20Modern%20Organizations&font=roboto,336,0
Modern Strategy,"Modern Strategy distills practical lessons for operating in uncertain markets, drawn from case studies of companies that adapted — and those that didn't.",Yuki Grant,Business,https://placehold.co/400x600/264653/ffffff.png?text=Modern%20Strategy&font=roboto,508,0
The Model of a Competitive Industry,"The Model of a Competitive Industry distills practical lessons for operating in a competitive industry, drawn from case studies of companies that adapted — and those that didn't.",Lucas Bishop,Business,https://placehold.co/400x600/264653/ffffff.png?text=The%20Model%20of%20a%20Competitive%20Industry&font=roboto,564,0
The Practical Pivot,"The Practical Pivot distills practical lessons for operating in uncertain markets, drawn from case studies of companies that adapted — and those that didn't.",Kenneth Kobayashi,Business,https://placehold.co/400x600/264653/ffffff.png?text=The%20Practical%20Pivot&font=roboto,621,0
Honest Advantage,"Honest Advantage distills practical lessons for operating in a competitive industry, drawn from case studies of companies that adapted — and those that didn't.",Ashley Petrov,Business,https://placehold.co/400x600/264653/ffffff.png?text=Honest%20Advantage&font=roboto,311,0
Growth of a Changing Economy,"Growth of a Changing Economy distills practical lessons for operating in a changing economy, drawn from case studies of companies that adapted — and those that didn't.",Vikram Andersen,Business,https://placehold.co/400x600/264653/ffffff.png?text=Growth%20of%20a%20Changing%20Economy&font=roboto,499,0
Lean Pivot,"Lean Pivot distills practical lessons for operating in a changing economy, drawn from case studies of companies that adapted — and those that didn't.",Carol Petrov,Business,https://placehold.co/400x600/264653/ffffff.png?text=Lean%20Pivot&font=roboto,248,0
Unspoken Behavior,"Unspoken Behavior examines the hidden patterns behind modern life, drawing on research to explain why people think and act the way they do.",David Rossi,Psychology,https://placehold.co/400x600/6d597a/ffffff.png?text=Unspoken%20Behavior&font=roboto,260,0
Rational Habit,"Rational Habit examines the hidden patterns behind everyday decisions, drawing on research to explain why people think and act the way they do.",Barbara Pierce,Psychology,https://placehold.co/400x600/6d597a/ffffff.png?text=Rational%20Habit&font=roboto,291,0
The Complex Bias,"The Complex Bias examines the hidden patterns behind human relationships, drawing on research to explain why people think and act the way they do.",Rahul Kobayashi,Psychology,https://placehold.co/400x600/6d597a/ffffff.png?text=The%20Complex%20Bias&font=roboto,447,0
Unconscious Motivation,"Unconscious Motivation examines the hidden patterns behind modern life, drawing on research to explain why people think and act the way they do.",Betty Pierce,Psychology,https://placehold.co/400x600/6d597a/ffffff.png?text=Unconscious%20Motivation&font=roboto,846,0
The Motivation of the Workplace,"The Motivation of the Workplace examines the hidden patterns behind the workplace, drawing on research to explain why people think and act the way they do.",Vikram Thorne,Psychology,https://placehold.co/400x600/6d597a/ffffff.png?text=The%20Motivation%20of%20the%20Workplace&font=roboto,240,0
The Unconscious Motivation,"The Unconscious Motivation examines the hidden patterns behind modern life, drawing on research to explain why people think and act the way they do.",Thomas Redwood,Psychology,https://placehold.co/400x600/6d597a/ffffff.png?text=The%20Unconscious%20Motivation&font=roboto,212,0
The Mind of Everyday Decisions,"The Mind of Everyday Decisions examines the hidden patterns behind everyday decisions, drawing on research to explain why people think and act the way they do.",Melissa Grant,Psychology,https://placehold.co/400x600/6d597a/ffffff.png?text=The%20Mind%20of%20Everyday%20Decisions&font=roboto,437,0
The Unspoken Habit,"The Unspoken Habit examines the hidden patterns behind modern life, drawing on research to explain why people think and act the way they do.",Kevin Winters,Psychology,https://placehold.co/400x600/6d597a/ffffff.png?text=The%20Unspoken%20Habit&font=roboto,564,0
Quiet Motivation,"Quiet Motivation examines the hidden patterns behind human relationships, drawing on research to explain why people think and act the way they do.",Matthew Sharma,Psychology,https://placehold.co/400x600/6d597a/ffffff.png?text=Quiet%20Motivation&font=roboto,291,0
Habit of the Workplace,"Habit of the Workplace examines the hidden patterns behind the workplace, drawing on research to explain why people think and act the way they do.",Rohan Whitfield,Psychology,https://placehold.co/400x600/6d597a/ffffff.png?text=Habit%20of%20the%20Workplace&font=roboto,444,0
Mind of Everyday Decisions,"Mind of Everyday Decisions examines the hidden patterns behind everyday decisions, drawing on research to explain why people think and act the way they do.",Robert Whitfield,Psychology,https://placehold.co/400x600/6d597a/ffffff.png?text=Mind%20of%20Everyday%20Decisions&font=roboto,887,0
Everyday Habit,"Everyday Habit examines the hidden patterns behind human relationships, drawing on research to explain why people think and act the way they do.",William Sinclair,Psychology,https://placehold.co/400x600/6d597a/ffffff.png?text=Everyday%20Habit&font=roboto,806,0
Complex Habit,"Complex Habit examines the hidden patterns behind modern life, drawing on research to explain why people think and act the way they do.",Lisa Osei,Psychology,https://placehold.co/400x600/6d597a/ffffff.png?text=Complex%20Habit&font=roboto,670,0
Unconscious Instinct,"Unconscious Instinct examines the hidden patterns behind modern life, drawing on research to explain why people think and act the way they do.",Stephanie Thorne,Psychology,https://placehold.co/400x600/6d597a/ffffff.png?text=Unconscious%20Instinct&font=roboto,380,0
Motivation of Everyday Decisions,"Motivation of Everyday Decisions examines the hidden patterns behind everyday decisions, drawing on research to explain why people think and act the way they do.",Mateo Sutton,Psychology,https://placehold.co/400x600/6d597a/ffffff.png?text=Motivation%20of%20Everyday%20Decisions&font=roboto,878,0
The Hidden Motivation,"The Hidden Motivation examines the hidden patterns behind modern life, drawing on research to explain why people think and act the way they do.",Deborah Grant,Psychology,https://placehold.co/400x600/6d597a/ffffff.png?text=The%20Hidden%20Motivation&font=roboto,743,0
Everyday Mind,"Everyday Mind examines the hidden patterns behind human relationships, drawing on research to explain why people think and act the way they do.",Noah Vance,Psychology,https://placehold.co/400x600/6d597a/ffffff.png?text=Everyday%20Mind&font=roboto,625,0
Memory of Everyday Decisions,"Memory of Everyday Decisions examines the hidden patterns behind everyday decisions, drawing on research to explain why people think and act the way they do.",Oliver Moreau,Psychology,https://placehold.co/400x600/6d597a/ffffff.png?text=Memory%20of%20Everyday%20Decisions&font=roboto,468,0
The Rational Motivation,"The Rational Motivation examines the hidden patterns behind everyday decisions, drawing on research to explain why people think and act the way they do.",Yuki Osei,Psychology,https://placehold.co/400x600/6d597a/ffffff.png?text=The%20Rational%20Motivation&font=roboto,673,0
Unconscious Memory,"Unconscious Memory examines the hidden patterns behind the workplace, drawing on research to explain why people think and act the way they do.",Rohan Thorne,Psychology,https://placehold.co/400x600/6d597a/ffffff.png?text=Unconscious%20Memory&font=roboto,450,0
The Mind of the Workplace,"The Mind of the Workplace examines the hidden patterns behind the workplace, drawing on research to explain why people think and act the way they do.",Kimberly Morgan,Psychology,https://placehold.co/400x600/6d597a/ffffff.png?text=The%20Mind%20of%20the%20Workplace&font=roboto,793,0
Unconscious Bias,"Unconscious Bias examines the hidden patterns behind everyday decisions, drawing on research to explain why people think and act the way they do.",Donna O'Connell,Psychology,https://placehold.co/400x600/6d597a/ffffff.png?text=Unconscious%20Bias&font=roboto,176,0
The Mind of Human Relationships,"The Mind of Human Relationships examines the hidden patterns behind human relationships, drawing on research to explain why people think and act the way they do.",Sofia Reed,Psychology,https://placehold.co/400x600/6d597a/ffffff.png?text=The%20Mind%20of%20Human%20Relationships&font=roboto,433,0
The Behavior of Everyday Decisions,"The Behavior of Everyday Decisions examines the hidden patterns behind everyday decisions, drawing on research to explain why people think and act the way they do.",Joseph Rossi,Psychology,https://placehold.co/400x600/6d597a/ffffff.png?text=The%20Behavior%20of%20Everyday%20Decisions&font=roboto,327,0
Instinct of Human Relationships,"Instinct of Human Relationships examines the hidden patterns behind human relationships, drawing on research to explain why people think and act the way they do.",Elena Marsh,Psychology,https://placehold.co/400x600/6d597a/ffffff.png?text=Instinct%20of%20Human%20Relationships&font=roboto,689,0
The Rational Mind,"The Rational Mind examines the hidden patterns behind human relationships, drawing on research to explain why people think and act the way they do.",Karen Iyer,Psychology,https://placehold.co/400x600/6d597a/ffffff.png?text=The%20Rational%20Mind&font=roboto,571,0
Unspoken Memory,"Unspoken Memory examines the hidden patterns behind modern life, drawing on research to explain why people think and act the way they do.",Nancy Pierce,Psychology,https://placehold.co/400x600/6d597a/ffffff.png?text=Unspoken%20Memory&font=roboto,740,0
The Memory of the Workplace,"The Memory of the Workplace examines the hidden patterns behind the workplace, drawing on research to explain why people think and act the way they do.",Joseph Morgan,Psychology,https://placehold.co/400x600/6d597a/ffffff.png?text=The%20Memory%20of%20the%20Workplace&font=roboto,320,0
Quiet Habit,"Quiet Habit examines the hidden patterns behind the workplace, drawing on research to explain why people think and act the way they do.",Yuki Kobayashi,Psychology,https://placehold.co/400x600/6d597a/ffffff.png?text=Quiet%20Habit&font=roboto,388,0
Everyday Memory,"Everyday Memory examines the hidden patterns behind modern life, drawing on research to explain why people think and act the way they do.",Yuki Harrow,Psychology,https://placehold.co/400x600/6d597a/ffffff.png?text=Everyday%20Memory&font=roboto,297,0
Hidden Behavior,"Hidden Behavior examines the hidden patterns behind modern life, drawing on research to explain why people think and act the way they do.",Ronald Callahan,Psychology,https://placehold.co/400x600/6d597a/ffffff.png?text=Hidden%20Behavior&font=roboto,691,0
The Motivation of Modern Life,"The Motivation of Modern Life examines the hidden patterns behind modern life, drawing on research to explain why people think and act the way they do.",Aditya Sutton,Psychology,https://placehold.co/400x600/6d597a/ffffff.png?text=The%20Motivation%20of%20Modern%20Life&font=roboto,837,0
Behavior of Human Relationships,"Behavior of Human Relationships examines the hidden patterns behind human relationships, drawing on research to explain why people think and act the way they do.",Kevin Petrov,Psychology,https://placehold.co/400x600/6d597a/ffffff.png?text=Behavior%20of%20Human%20Relationships&font=roboto,159,0
The Complex Mind,"The Complex Mind examines the hidden patterns behind everyday decisions, drawing on research to explain why people think and act the way they do.",Kavya Bishop,Psychology,https://placehold.co/400x600/6d597a/ffffff.png?text=The%20Complex%20Mind&font=roboto,686,0
The Everyday Habit,"The Everyday Habit examines the hidden patterns behind the workplace, drawing on research to explain why people think and act the way they do.",Donald Redwood,Psychology,https://placehold.co/400x600/6d597a/ffffff.png?text=The%20Everyday%20Habit&font=roboto,406,0
The Unconscious Memory,"The Unconscious Memory examines the hidden patterns behind human relationships, drawing on research to explain why people think and act the way they do.",Jessica Grant,Psychology,https://placehold.co/400x600/6d597a/ffffff.png?text=The%20Unconscious%20Memory&font=roboto,237,0
Memory of Human Relationships,"Memory of Human Relationships examines the hidden patterns behind human relationships, drawing on research to explain why people think and act the way they do.",Joseph Marsh,Psychology,https://placehold.co/400x600/6d597a/ffffff.png?text=Memory%20of%20Human%20Relationships&font=roboto,408,0
The Memory of Everyday Decisions,"The Memory of Everyday Decisions examines the hidden patterns behind everyday decisions, drawing on research to explain why people think and act the way they do.",Divya Vance,Psychology,https://placehold.co/400x600/6d597a/ffffff.png?text=The%20Memory%20of%20Everyday%20Decisions&font=roboto,586,0
The Bias of Everyday Decisions,"The Bias of Everyday Decisions examines the hidden patterns behind everyday decisions, drawing on research to explain why people think and act the way they do.",Emily Morgan,Psychology,https://placehold.co/400x600/6d597a/ffffff.png?text=The%20Bias%20of%20Everyday%20Decisions&font=roboto,540,0
Rational Mind,"Rational Mind examines the hidden patterns behind the workplace, drawing on research to explain why people think and act the way they do.",Kimberly Marsh,Psychology,https://placehold.co/400x600/6d597a/ffffff.png?text=Rational%20Mind&font=roboto,600,0
The Quiet Bias,"The Quiet Bias examines the hidden patterns behind modern life, drawing on research to explain why people think and act the way they do.",Matthew Iyer,Psychology,https://placehold.co/400x600/6d597a/ffffff.png?text=The%20Quiet%20Bias&font=roboto,260,0
Instinct of Modern Life,"Instinct of Modern Life examines the hidden patterns behind modern life, drawing on research to explain why people think and act the way they do.",Margaret O'Connell,Psychology,https://placehold.co/400x600/6d597a/ffffff.png?text=Instinct%20of%20Modern%20Life&font=roboto,807,0
The Quiet Memory,"The Quiet Memory examines the hidden patterns behind the workplace, drawing on research to explain why people think and act the way they do.",Susan Hayes,Psychology,https://placehold.co/400x600/6d597a/ffffff.png?text=The%20Quiet%20Memory&font=roboto,223,0
Hidden Habit,"Hidden Habit examines the hidden patterns behind human relationships, drawing on research to explain why people think and act the way they do.",James Hayes,Psychology,https://placehold.co/400x600/6d597a/ffffff.png?text=Hidden%20Habit&font=roboto,829,0
Rational Bias,"Rational Bias examines the hidden patterns behind the workplace, drawing on research to explain why people think and act the way they do.",Priya Andersen,Psychology,https://placehold.co/400x600/6d597a/ffffff.png?text=Rational%20Bias&font=roboto,152,0
The Unconscious Bias,"The Unconscious Bias examines the hidden patterns behind everyday decisions, drawing on research to explain why people think and act the way they do.",Stephanie Sharma,Psychology,https://placehold.co/400x600/6d597a/ffffff.png?text=The%20Unconscious%20Bias&font=roboto,273,0
Hidden Memory,"Hidden Memory examines the hidden patterns behind everyday decisions, drawing on research to explain why people think and act the way they do.",Edward Kobayashi,Psychology,https://placehold.co/400x600/6d597a/ffffff.png?text=Hidden%20Memory&font=roboto,497,0
The Complex Habit,"The Complex Habit examines the hidden patterns behind the workplace, drawing on research to explain why people think and act the way they do.",Betty Marsh,Psychology,https://placehold.co/400x600/6d597a/ffffff.png?text=The%20Complex%20Habit&font=roboto,716,0
The Habit of Everyday Decisions,"The Habit of Everyday Decisions examines the hidden patterns behind everyday decisions, drawing on research to explain why people think and act the way they do.",Melissa Iyer,Psychology,https://placehold.co/400x600/6d597a/ffffff.png?text=The%20Habit%20of%20Everyday%20Decisions&font=roboto,235,0
Everyday Bias,"Everyday Bias examines the hidden patterns behind human relationships, drawing on research to explain why people think and act the way they do.",John Doyle,Psychology,https://placehold.co/400x600/6d597a/ffffff.png?text=Everyday%20Bias&font=roboto,174,0
Habit of Everyday Decisions,"Habit of Everyday Decisions examines the hidden patterns behind everyday decisions, drawing on research to explain why people think and act the way they do.",Oliver Ashford,Psychology,https://placehold.co/400x600/6d597a/ffffff.png?text=Habit%20of%20Everyday%20Decisions&font=roboto,660,0
Hidden Mind,"Hidden Mind examines the hidden patterns behind the workplace, drawing on research to explain why people think and act the way they do.",Linda Merrick,Psychology,https://placehold.co/400x600/6d597a/ffffff.png?text=Hidden%20Mind&font=roboto,887,0
The Quiet Mind,"The Quiet Mind examines the hidden patterns behind human relationships, drawing on research to explain why people think and act the way they do.",Chiara Osei,Psychology,https://placehold.co/400x600/6d597a/ffffff.png?text=The%20Quiet%20Mind&font=roboto,843,0
Motivation of Human Relationships,"Motivation of Human Relationships examines the hidden patterns behind human relationships, drawing on research to explain why people think and act the way they do.",Elizabeth Hayes,Psychology,https://placehold.co/400x600/6d597a/ffffff.png?text=Motivation%20of%20Human%20Relationships&font=roboto,293,0
The Unspoken Memory,"The Unspoken Memory examines the hidden patterns behind human relationships, drawing on research to explain why people think and act the way they do.",Mary Marsh,Psychology,https://placehold.co/400x600/6d597a/ffffff.png?text=The%20Unspoken%20Memory&font=roboto,796,0
The Rational Instinct,"The Rational Instinct examines the hidden patterns behind everyday decisions, drawing on research to explain why people think and act the way they do.",Divya O'Connell,Psychology,https://placehold.co/400x600/6d597a/ffffff.png?text=The%20Rational%20Instinct&font=roboto,323,0
The Complex Instinct,"The Complex Instinct examines the hidden patterns behind everyday decisions, drawing on research to explain why people think and act the way they do.",Joseph Iyer,Psychology,https://placehold.co/400x600/6d597a/ffffff.png?text=The%20Complex%20Instinct&font=roboto,758,0
Rational Instinct,"Rational Instinct examines the hidden patterns behind modern life, drawing on research to explain why people think and act the way they do.",Carol Grant,Psychology,https://placehold.co/400x600/6d597a/ffffff.png?text=Rational%20Instinct&font=roboto,849,0
The Hidden Behavior,"The Hidden Behavior examines the hidden patterns behind human relationships, drawing on research to explain why people think and act the way they do.",Rohan Ellison,Psychology,https://placehold.co/400x600/6d597a/ffffff.png?text=The%20Hidden%20Behavior&font=roboto,862,0
The Bias of Modern Life,"The Bias of Modern Life examines the hidden patterns behind modern life, drawing on research to explain why people think and act the way they do.",Ashley Moreau,Psychology,https://placehold.co/400x600/6d597a/ffffff.png?text=The%20Bias%20of%20Modern%20Life&font=roboto,190,0
The Hidden Bias,"The Hidden Bias examines the hidden patterns behind everyday decisions, drawing on research to explain why people think and act the way they do.",Joshua Kensington,Psychology,https://placehold.co/400x600/6d597a/ffffff.png?text=The%20Hidden%20Bias&font=roboto,859,0
Behavior of Modern Life,"Behavior of Modern Life examines the hidden patterns behind modern life, drawing on research to explain why people think and act the way they do.",Kavya Sutton,Psychology,https://placehold.co/400x600/6d597a/ffffff.png?text=Behavior%20of%20Modern%20Life&font=roboto,327,0
The Everyday Instinct,"The Everyday Instinct examines the hidden patterns behind the workplace, drawing on research to explain why people think and act the way they do.",George Kensington,Psychology,https://placehold.co/400x600/6d597a/ffffff.png?text=The%20Everyday%20Instinct&font=roboto,153,0
Rabbit of a Sunny Meadow,"Rabbit of a Sunny Meadow is a gentle, illustrated story about a small adventure in a sunny meadow, perfect for reading aloud at bedtime.",Edward Kobayashi,Children,https://placehold.co/400x600/f4a261/ffffff.png?text=Rabbit%20of%20a%20Sunny%20Meadow&font=roboto,668,0
Garden of a Small Village,"Garden of a Small Village is a gentle, illustrated story about a small adventure in a small village, perfect for reading aloud at bedtime.",Michael Doyle,Children,https://placehold.co/400x600/f4a261/ffffff.png?text=Garden%20of%20a%20Small%20Village&font=roboto,264,0
Treehouse of a Cozy Forest,"Treehouse of a Cozy Forest is a gentle, illustrated story about a small adventure in a cozy forest, perfect for reading aloud at bedtime.",Daniel Hayes,Children,https://placehold.co/400x600/f4a261/ffffff.png?text=Treehouse%20of%20a%20Cozy%20Forest&font=roboto,204,0
The Garden of a Faraway Land,"The Garden of a Faraway Land is a gentle, illustrated story about a small adventure in a faraway land, perfect for reading aloud at bedtime.",Paul Merrick,Children,https://placehold.co/400x600/f4a261/ffffff.png?text=The%20Garden%20of%20a%20Faraway%20Land&font=roboto,780,0
Little Rabbit,"Little Rabbit is a gentle, illustrated story about a small adventure in a sunny meadow, perfect for reading aloud at bedtime.",Freya Marsh,Children,https://placehold.co/400x600/f4a261/ffffff.png?text=Little%20Rabbit&font=roboto,310,0
The Happy Rabbit,"The Happy Rabbit is a gentle, illustrated story about a small adventure in a sunny meadow, perfect for reading aloud at bedtime.",Steven Delacroix,Children,https://placehold.co/400x600/f4a261/ffffff.png?text=The%20Happy%20Rabbit&font=roboto,755,0
The Garden of a Small Village,"The Garden of a Small Village is a gentle, illustrated story about a small adventure in a small village, perfect for reading aloud at bedtime.",Sandra Grant,Children,https://placehold.co/400x600/f4a261/ffffff.png?text=The%20Garden%20of%20a%20Small%20Village&font=roboto,482,0
Garden of a Faraway Land,"Garden of a Faraway Land is a gentle, illustrated story about a small adventure in a faraway land, perfect for reading aloud at bedtime.",Betty Winters,Children,https://placehold.co/400x600/f4a261/ffffff.png?text=Garden%20of%20a%20Faraway%20Land&font=roboto,374,0
The Happy Treehouse,"The Happy Treehouse is a gentle, illustrated story about a small adventure in a sunny meadow, perfect for reading aloud at bedtime.",Vikram Whitfield,Children,https://placehold.co/400x600/f4a261/ffffff.png?text=The%20Happy%20Treehouse&font=roboto,370,0
Curious Dragon,"Curious Dragon is a gentle, illustrated story about a small adventure in a small village, perfect for reading aloud at bedtime.",Sarah Osei,Children,https://placehold.co/400x600/f4a261/ffffff.png?text=Curious%20Dragon&font=roboto,886,0
Star of a Cozy Forest,"Star of a Cozy Forest is a gentle, illustrated story about a small adventure in a cozy forest, perfect for reading aloud at bedtime.",Brian Sinclair,Children,https://placehold.co/400x600/f4a261/ffffff.png?text=Star%20of%20a%20Cozy%20Forest&font=roboto,181,0
The Silly Adventure,"The Silly Adventure is a gentle, illustrated story about a small adventure in a sunny meadow, perfect for reading aloud at bedtime.",Aditya Osei,Children,https://placehold.co/400x600/f4a261/ffffff.png?text=The%20Silly%20Adventure&font=roboto,577,0
Garden of a Sunny Meadow,"Garden of a Sunny Meadow is a gentle, illustrated story about a small adventure in a sunny meadow, perfect for reading aloud at bedtime.",Kavya Nakamura,Children,https://placehold.co/400x600/f4a261/ffffff.png?text=Garden%20of%20a%20Sunny%20Meadow&font=roboto,649,0
Treehouse of a Small Village,"Treehouse of a Small Village is a gentle, illustrated story about a small adventure in a small village, perfect for reading aloud at bedtime.",Mary Marlow,Children,https://placehold.co/400x600/f4a261/ffffff.png?text=Treehouse%20of%20a%20Small%20Village&font=roboto,401,0
Dragon of a Cozy Forest,"Dragon of a Cozy Forest is a gentle, illustrated story about a small adventure in a cozy forest, perfect for reading aloud at bedtime.",Karen Andersen,Children,https://placehold.co/400x600/f4a261/ffffff.png?text=Dragon%20of%20a%20Cozy%20Forest&font=roboto,154,0
Little Bear,"Little Bear is a gentle, illustrated story about a small adventure in a faraway land, perfect for reading aloud at bedtime.",Sofia Hayes,Children,https://placehold.co/400x600/f4a261/ffffff.png?text=Little%20Bear&font=roboto,584,0
Happy Rabbit,"Happy Rabbit is a gentle, illustrated story about a small adventure in a faraway land, perfect for reading aloud at bedtime.",Mateo Sutton,Children,https://placehold.co/400x600/f4a261/ffffff.png?text=Happy%20Rabbit&font=roboto,234,0
The Magical Garden,"The Magical Garden is a gentle, illustrated story about a small adventure in a cozy forest, perfect for reading aloud at bedtime.",Melissa Redwood,Children,https://placehold.co/400x600/f4a261/ffffff.png?text=The%20Magical%20Garden&font=roboto,393,0
The Little Treehouse,"The Little Treehouse is a gentle, illustrated story about a small adventure in a small village, perfect for reading aloud at bedtime.",Daniel Osei,Children,https://placehold.co/400x600/f4a261/ffffff.png?text=The%20Little%20Treehouse&font=roboto,733,0
Curious Friend,"Curious Friend is a gentle, illustrated story about a small adventure in a faraway land, perfect for reading aloud at bedtime.",James Reed,Children,https://placehold.co/400x600/f4a261/ffffff.png?text=Curious%20Friend&font=roboto,543,0
The Star of a Faraway Land,"The Star of a Faraway Land is a gentle, illustrated story about a small adventure in a faraway land, perfect for reading aloud at bedtime.",Andrew O'Connell,Children,https://placehold.co/400x600/f4a261/ffffff.png?text=The%20Star%20of%20a%20Faraway%20Land&font=roboto,704,0
Friend of a Sunny Meadow,"Friend of a Sunny Meadow is a gentle, illustrated story about a small adventure in a sunny meadow, perfect for reading aloud at bedtime.",Lucas Blackwood,Children,https://placehold.co/400x600/f4a261/ffffff.png?text=Friend%20of%20a%20Sunny%20Meadow&font=roboto,201,0
The Magical Friend,"The Magical Friend is a gentle, illustrated story about a small adventure in a faraway land, perfect for reading aloud at bedtime.",Jennifer Blackwood,Children,https://placehold.co/400x600/f4a261/ffffff.png?text=The%20Magical%20Friend&font=roboto,524,0
Garden of a Cozy Forest,"Garden of a Cozy Forest is a gentle, illustrated story about a small adventure in a cozy forest, perfect for reading aloud at bedtime.",Brian Sutton,Children,https://placehold.co/400x600/f4a261/ffffff.png?text=Garden%20of%20a%20Cozy%20Forest&font=roboto,701,0
The Happy Garden,"The Happy Garden is a gentle, illustrated story about a small adventure in a cozy forest, perfect for reading aloud at bedtime.",Carol Thorne,Children,https://placehold.co/400x600/f4a261/ffffff.png?text=The%20Happy%20Garden&font=roboto,422,0
Silly Bear,"Silly Bear is a gentle, illustrated story about a small adventure in a sunny meadow, perfect for reading aloud at bedtime.",Deborah Thorne,Children,https://placehold.co/400x600/f4a261/ffffff.png?text=Silly%20Bear&font=roboto,612,0
Brave Treehouse,"Brave Treehouse is a gentle, illustrated story about a small adventure in a small village, perfect for reading aloud at bedtime.",Rahul O'Connell,Children,https://placehold.co/400x600/f4a261/ffffff.png?text=Brave%20Treehouse&font=roboto,525,0
The Tiny Treehouse,"The Tiny Treehouse is a gentle, illustrated story about a small adventure in a sunny meadow, perfect for reading aloud at bedtime.",William Hartley,Children,https://placehold.co/400x600/f4a261/ffffff.png?text=The%20Tiny%20Treehouse&font=roboto,332,0
The Rabbit of a Cozy Forest,"The Rabbit of a Cozy Forest is a gentle, illustrated story about a small adventure in a cozy forest, perfect for reading aloud at bedtime.",Emily Grant,Children,https://placehold.co/400x600/f4a261/ffffff.png?text=The%20Rabbit%20of%20a%20Cozy%20Forest&font=roboto,862,0
Adventure of a Cozy Forest,"Adventure of a Cozy Forest is a gentle, illustrated story about a small adventure in a cozy forest, perfect for reading aloud at bedtime.",Chiara Bennett,Children,https://placehold.co/400x600/f4a261/ffffff.png?text=Adventure%20of%20a%20Cozy%20Forest&font=roboto,449,0
Curious Treehouse,"Curious Treehouse is a gentle, illustrated story about a small adventure in a small village, perfect for reading aloud at bedtime.",Rohan Delacroix,Children,https://placehold.co/400x600/f4a261/ffffff.png?text=Curious%20Treehouse&font=roboto,809,0
The Silly Garden,"The Silly Garden is a gentle, illustrated story about a small adventure in a sunny meadow, perfect for reading aloud at bedtime.",Robert Lockhart,Children,https://placehold.co/400x600/f4a261/ffffff.png?text=The%20Silly%20Garden&font=roboto,681,0
The Friend of a Small Village,"The Friend of a Small Village is a gentle, illustrated story about a small adventure in a small village, perfect for reading aloud at bedtime.",Elena Moreau,Children,https://placehold.co/400x600/f4a261/ffffff.png?text=The%20Friend%20of%20a%20Small%20Village&font=roboto,830,0
Happy Star,"Happy Star is a gentle, illustrated story about a small adventure in a cozy forest, perfect for reading aloud at bedtime.",Michelle Ellison,Children,https://placehold.co/400x600/f4a261/ffffff.png?text=Happy%20Star&font=roboto,415,0
Friend of a Small Village,"Friend of a Small Village is a gentle, illustrated story about a small adventure in a small village, perfect for reading aloud at bedtime.",Michael Whitfield,Children,https://placehold.co/400x600/f4a261/ffffff.png?text=Friend%20of%20a%20Small%20Village&font=roboto,510,0
The Adventure of a Cozy Forest,"The Adventure of a Cozy Forest is a gentle, illustrated story about a small adventure in a cozy forest, perfect for reading aloud at bedtime.",Freya Redwood,Children,https://placehold.co/400x600/f4a261/ffffff.png?text=The%20Adventure%20of%20a%20Cozy%20Forest&font=roboto,335,0
The Little Friend,"The Little Friend is a gentle, illustrated story about a small adventure in a cozy forest, perfect for reading aloud at bedtime.",Meera Harrow,Children,https://placehold.co/400x600/f4a261/ffffff.png?text=The%20Little%20Friend&font=roboto,527,0
Bear of a Small Village,"Bear of a Small Village is a gentle, illustrated story about a small adventure in a small village, perfect for reading aloud at bedtime.",George Whitfield,Children,https://placehold.co/400x600/f4a261/ffffff.png?text=Bear%20of%20a%20Small%20Village&font=roboto,530,0
Curious Star,"Curious Star is a gentle, illustrated story about a small adventure in a sunny meadow, perfect for reading aloud at bedtime.",Patricia Hartley,Children,https://placehold.co/400x600/f4a261/ffffff.png?text=Curious%20Star&font=roboto,660,0
Friend of a Cozy Forest,"Friend of a Cozy Forest is a gentle, illustrated story about a small adventure in a cozy forest, perfect for reading aloud at bedtime.",James Kobayashi,Children,https://placehold.co/400x600/f4a261/ffffff.png?text=Friend%20of%20a%20Cozy%20Forest&font=roboto,668,0
The Treehouse of a Small Village,"The Treehouse of a Small Village is a gentle, illustrated story about a small adventure in a small village, perfect for reading aloud at bedtime.",Charles Andersen,Children,https://placehold.co/400x600/f4a261/ffffff.png?text=The%20Treehouse%20of%20a%20Small%20Village&font=roboto,895,0
Friendly Rabbit,"Friendly Rabbit is a gentle, illustrated story about a small adventure in a faraway land, perfect for reading aloud at bedtime.",Jennifer Sinclair,Children,https://placehold.co/400x600/f4a261/ffffff.png?text=Friendly%20Rabbit&font=roboto,843,0
The Silly Bear,"The Silly Bear is a gentle, illustrated story about a small adventure in a faraway land, perfect for reading aloud at bedtime.",Donald Delacroix,Children,https://placehold.co/400x600/f4a261/ffffff.png?text=The%20Silly%20Bear&font=roboto,514,0
The Friendly Bear,"The Friendly Bear is a gentle, illustrated story about a small adventure in a cozy forest, perfect for reading aloud at bedtime.",Noah Lockhart,Children,https://placehold.co/400x600/f4a261/ffffff.png?text=The%20Friendly%20Bear&font=roboto,433,0
Rabbit of a Faraway Land,"Rabbit of a Faraway Land is a gentle, illustrated story about a small adventure in a faraway land, perfect for reading aloud at bedtime.",Barbara Kapoor,Children,https://placehold.co/400x600/f4a261/ffffff.png?text=Rabbit%20of%20a%20Faraway%20Land&font=roboto,552,0
The Adventure of a Faraway Land,"The Adventure of a Faraway Land is a gentle, illustrated story about a small adventure in a faraway land, perfect for reading aloud at bedtime.",Deborah Winters,Children,https://placehold.co/400x600/f4a261/ffffff.png?text=The%20Adventure%20of%20a%20Faraway%20Land&font=roboto,530,0
The Silly Friend,"The Silly Friend is a gentle, illustrated story about a small adventure in a small village, perfect for reading aloud at bedtime.",Michelle Delacroix,Children,https://placehold.co/400x600/f4a261/ffffff.png?text=The%20Silly%20Friend&font=roboto,723,0
Silly Adventure,"Silly Adventure is a gentle, illustrated story about a small adventure in a faraway land, perfect for reading aloud at bedtime.",Rohan Sinclair,Children,https://placehold.co/400x600/f4a261/ffffff.png?text=Silly%20Adventure&font=roboto,750,0
The Curious Garden,"The Curious Garden is a gentle, illustrated story about a small adventure in a small village, perfect for reading aloud at bedtime.",Yuki Nakamura,Children,https://placehold.co/400x600/f4a261/ffffff.png?text=The%20Curious%20Garden&font=roboto,492,0
The Magical Rabbit,"The Magical Rabbit is a gentle, illustrated story about a small adventure in a sunny meadow, perfect for reading aloud at bedtime.",Kavya Vance,Children,https://placehold.co/400x600/f4a261/ffffff.png?text=The%20Magical%20Rabbit&font=roboto,573,0
Star of a Faraway Land,"Star of a Faraway Land is a gentle, illustrated story about a small adventure in a faraway land, perfect for reading aloud at bedtime.",Jennifer Ashford,Children,https://placehold.co/400x600/f4a261/ffffff.png?text=Star%20of%20a%20Faraway%20Land&font=roboto,748,0
The Treehouse of a Cozy Forest,"The Treehouse of a Cozy Forest is a gentle, illustrated story about a small adventure in a cozy forest, perfect for reading aloud at bedtime.",Patricia Carter,Children,https://placehold.co/400x600/f4a261/ffffff.png?text=The%20Treehouse%20of%20a%20Cozy%20Forest&font=roboto,306,0
The Treehouse of a Sunny Meadow,"The Treehouse of a Sunny Meadow is a gentle, illustrated story about a small adventure in a sunny meadow, perfect for reading aloud at bedtime.",Joshua Kensington,Children,https://placehold.co/400x600/f4a261/ffffff.png?text=The%20Treehouse%20of%20a%20Sunny%20Meadow&font=roboto,332,0
Tiny Bear,"Tiny Bear is a gentle, illustrated story about a small adventure in a sunny meadow, perfect for reading aloud at bedtime.",Emily Iyer,Children,https://placehold.co/400x600/f4a261/ffffff.png?text=Tiny%20Bear&font=roboto,217,0
The Dragon of a Small Village,"The Dragon of a Small Village is a gentle, illustrated story about a small adventure in a small village, perfect for reading aloud at bedtime.",Yuki Grant,Children,https://placehold.co/400x600/f4a261/ffffff.png?text=The%20Dragon%20of%20a%20Small%20Village&font=roboto,531,0
The Bear of a Small Village,"The Bear of a Small Village is a gentle, illustrated story about a small adventure in a small village, perfect for reading aloud at bedtime.",Edward Kensington,Children,https://placehold.co/400x600/f4a261/ffffff.png?text=The%20Bear%20of%20a%20Small%20Village&font=roboto,800,0
The Star of a Small Village,"The Star of a Small Village is a gentle, illustrated story about a small adventure in a small village, perfect for reading aloud at bedtime.",Noah Reed,Children,https://placehold.co/400x600/f4a261/ffffff.png?text=The%20Star%20of%20a%20Small%20Village&font=roboto,675,0
Rabbit of a Cozy Forest,"Rabbit of a Cozy Forest is a gentle, illustrated story about a small adventure in a cozy forest, perfect for reading aloud at bedtime.",Oliver Callahan,Children,https://placehold.co/400x600/f4a261/ffffff.png?text=Rabbit%20of%20a%20Cozy%20Forest&font=roboto,472,0
The Friend of a Sunny Meadow,"The Friend of a Sunny Meadow is a gentle, illustrated story about a small adventure in a sunny meadow, perfect for reading aloud at bedtime.",Freya Moreau,Children,https://placehold.co/400x600/f4a261/ffffff.png?text=The%20Friend%20of%20a%20Sunny%20Meadow&font=roboto,509,0
Adventure of a Small Village,"Adventure of a Small Village is a gentle, illustrated story about a small adventure in a small village, perfect for reading aloud at bedtime.",Deborah Iyer,Children,https://placehold.co/400x600/f4a261/ffffff.png?text=Adventure%20of%20a%20Small%20Village&font=roboto,570,0
The Star of a Sunny Meadow,"The Star of a Sunny Meadow is a gentle, illustrated story about a small adventure in a sunny meadow, perfect for reading aloud at bedtime.",Jessica Lockhart,Children,https://placehold.co/400x600/f4a261/ffffff.png?text=The%20Star%20of%20a%20Sunny%20Meadow&font=roboto,280,0
The Brave Bear,"The Brave Bear is a gentle, illustrated story about a small adventure in a faraway land, perfect for reading aloud at bedtime.",Vikram Hayes,Children,https://placehold.co/400x600/f4a261/ffffff.png?text=The%20Brave%20Bear&font=roboto,350,0
The Ancient Heroes,"The Ancient Heroes retells the timeless stories of ancient greece, bringing familiar legends to life with fresh detail and narrative depth.",Yuki Grant,Mythology,https://placehold.co/400x600/7f5539/ffffff.png?text=The%20Ancient%20Heroes&font=roboto,408,0
The Ancient Legends,"The Ancient Legends retells the timeless stories of ancient greece, bringing familiar legends to life with fresh detail and narrative depth.",Richard Grant,Mythology,https://placehold.co/400x600/7f5539/ffffff.png?text=The%20Ancient%20Legends&font=roboto,765,0
Titans of the Norse Realms,"Titans of the Norse Realms retells the timeless stories of the norse realms, bringing familiar legends to life with fresh detail and narrative depth.",George Bennett,Mythology,https://placehold.co/400x600/7f5539/ffffff.png?text=Titans%20of%20the%20Norse%20Realms&font=roboto,241,0
Myth of Ancient Egypt,"Myth of Ancient Egypt retells the timeless stories of ancient egypt, bringing familiar legends to life with fresh detail and narrative depth.",George Thorne,Mythology,https://placehold.co/400x600/7f5539/ffffff.png?text=Myth%20of%20Ancient%20Egypt&font=roboto,313,0
Pantheon of Ancient Greece,"Pantheon of Ancient Greece retells the timeless stories of ancient greece, bringing familiar legends to life with fresh detail and narrative depth.",Richard Moreau,Mythology,https://placehold.co/400x600/7f5539/ffffff.png?text=Pantheon%20of%20Ancient%20Greece&font=roboto,163,0
Titans of Ancient Egypt,"Titans of Ancient Egypt retells the timeless stories of ancient egypt, bringing familiar legends to life with fresh detail and narrative depth.",Nancy Kobayashi,Mythology,https://placehold.co/400x600/7f5539/ffffff.png?text=Titans%20of%20Ancient%20Egypt&font=roboto,153,0
The Forgotten Pantheon,"The Forgotten Pantheon retells the timeless stories of the old world, bringing familiar legends to life with fresh detail and narrative depth.",Edward Moreau,Mythology,https://placehold.co/400x600/7f5539/ffffff.png?text=The%20Forgotten%20Pantheon&font=roboto,338,0
Fallen Gods,"Fallen Gods retells the timeless stories of the norse realms, bringing familiar legends to life with fresh detail and narrative depth.",Melissa Winters,Mythology,https://placehold.co/400x600/7f5539/ffffff.png?text=Fallen%20Gods&font=roboto,583,0
Titans of the Old World,"Titans of the Old World retells the timeless stories of the old world, bringing familiar legends to life with fresh detail and narrative depth.",Joseph Callahan,Mythology,https://placehold.co/400x600/7f5539/ffffff.png?text=Titans%20of%20the%20Old%20World&font=roboto,275,0
Ancient Pantheon,"Ancient Pantheon retells the timeless stories of the norse realms, bringing familiar legends to life with fresh detail and narrative depth.",Mateo Blackwood,Mythology,https://placehold.co/400x600/7f5539/ffffff.png?text=Ancient%20Pantheon&font=roboto,870,0
The Myth of Ancient Greece,"The Myth of Ancient Greece retells the timeless stories of ancient greece, bringing familiar legends to life with fresh detail and narrative depth.",William Callahan,Mythology,https://placehold.co/400x600/7f5539/ffffff.png?text=The%20Myth%20of%20Ancient%20Greece&font=roboto,654,0
The Eternal Legends,"The Eternal Legends retells the timeless stories of the old world, bringing familiar legends to life with fresh detail and narrative depth.",Michelle Delacroix,Mythology,https://placehold.co/400x600/7f5539/ffffff.png?text=The%20Eternal%20Legends&font=roboto,380,0
Divine Heroes,"Divine Heroes retells the timeless stories of the old world, bringing familiar legends to life with fresh detail and narrative depth.",Anthony Reed,Mythology,https://placehold.co/400x600/7f5539/ffffff.png?text=Divine%20Heroes&font=roboto,636,0
The Gods of the Old World,"The Gods of the Old World retells the timeless stories of the old world, bringing familiar legends to life with fresh detail and narrative depth.",Susan Hartley,Mythology,https://placehold.co/400x600/7f5539/ffffff.png?text=The%20Gods%20of%20the%20Old%20World&font=roboto,597,0
The Ancient Titans,"The Ancient Titans retells the timeless stories of the old world, bringing familiar legends to life with fresh detail and narrative depth.",Arjun Moreau,Mythology,https://placehold.co/400x600/7f5539/ffffff.png?text=The%20Ancient%20Titans&font=roboto,253,0
Legends of the Norse Realms,"Legends of the Norse Realms retells the timeless stories of the norse realms, bringing familiar legends to life with fresh detail and narrative depth.",Amanda Doyle,Mythology,https://placehold.co/400x600/7f5539/ffffff.png?text=Legends%20of%20the%20Norse%20Realms&font=roboto,758,0
Ancient Titans,"Ancient Titans retells the timeless stories of the old world, bringing familiar legends to life with fresh detail and narrative depth.",Mateo Vance,Mythology,https://placehold.co/400x600/7f5539/ffffff.png?text=Ancient%20Titans&font=roboto,879,0
The Heroes of the Old World,"The Heroes of the Old World retells the timeless stories of the old world, bringing familiar legends to life with fresh detail and narrative depth.",Melissa Sharma,Mythology,https://placehold.co/400x600/7f5539/ffffff.png?text=The%20Heroes%20of%20the%20Old%20World&font=roboto,831,0
Eternal Pantheon,"Eternal Pantheon retells the timeless stories of ancient egypt, bringing familiar legends to life with fresh detail and narrative depth.",Charles Osei,Mythology,https://placehold.co/400x600/7f5539/ffffff.png?text=Eternal%20Pantheon&font=roboto,259,0
The Divine Oracle,"The Divine Oracle retells the timeless stories of the old world, bringing familiar legends to life with fresh detail and narrative depth.",Sandra Sinclair,Mythology,https://placehold.co/400x600/7f5539/ffffff.png?text=The%20Divine%20Oracle&font=roboto,179,0
The Fallen Gods,"The Fallen Gods retells the timeless stories of ancient greece, bringing familiar legends to life with fresh detail and narrative depth.",Mateo Bennett,Mythology,https://placehold.co/400x600/7f5539/ffffff.png?text=The%20Fallen%20Gods&font=roboto,332,0
Sacred Myth,"Sacred Myth retells the timeless stories of ancient egypt, bringing familiar legends to life with fresh detail and narrative depth.",Karen Ashford,Mythology,https://placehold.co/400x600/7f5539/ffffff.png?text=Sacred%20Myth&font=roboto,785,0
The Golden Gods,"The Golden Gods retells the timeless stories of the old world, bringing familiar legends to life with fresh detail and narrative depth.",Aditya Doyle,Mythology,https://placehold.co/400x600/7f5539/ffffff.png?text=The%20Golden%20Gods&font=roboto,449,0
The Heroes of Ancient Greece,"The Heroes of Ancient Greece retells the timeless stories of ancient greece, bringing familiar legends to life with fresh detail and narrative depth.",John Marlow,Mythology,https://placehold.co/400x600/7f5539/ffffff.png?text=The%20Heroes%20of%20Ancient%20Greece&font=roboto,270,0
Eternal Legends,"Eternal Legends retells the timeless stories of the old world, bringing familiar legends to life with fresh detail and narrative depth.",Meera Osei,Mythology,https://placehold.co/400x600/7f5539/ffffff.png?text=Eternal%20Legends&font=roboto,185,0
Oracle of the Norse Realms,"Oracle of the Norse Realms retells the timeless stories of the norse realms, bringing familiar legends to life with fresh detail and narrative depth.",Michelle Winters,Mythology,https://placehold.co/400x600/7f5539/ffffff.png?text=Oracle%20of%20the%20Norse%20Realms&font=roboto,648,0
The Sacred Myth,"The Sacred Myth retells the timeless stories of the old world, bringing familiar legends to life with fresh detail and narrative depth.",Oliver Andersen,Mythology,https://placehold.co/400x600/7f5539/ffffff.png?text=The%20Sacred%20Myth&font=roboto,630,0
Sacred Heroes,"Sacred Heroes retells the timeless stories of the norse realms, bringing familiar legends to life with fresh detail and narrative depth.",Sofia Morgan,Mythology,https://placehold.co/400x600/7f5539/ffffff.png?text=Sacred%20Heroes&font=roboto,549,0
The Pantheon of the Old World,"The Pantheon of the Old World retells the timeless stories of the old world, bringing familiar legends to life with fresh detail and narrative depth.",Melissa Redwood,Mythology,https://placehold.co/400x600/7f5539/ffffff.png?text=The%20Pantheon%20of%20the%20Old%20World&font=roboto,477,0
The Ancient Pantheon,"The Ancient Pantheon retells the timeless stories of ancient greece, bringing familiar legends to life with fresh detail and narrative depth.",Thomas Blackwood,Mythology,https://placehold.co/400x600/7f5539/ffffff.png?text=The%20Ancient%20Pantheon&font=roboto,506,0
The Golden Myth,"The Golden Myth retells the timeless stories of ancient egypt, bringing familiar legends to life with fresh detail and narrative depth.",Ronald Bishop,Mythology,https://placehold.co/400x600/7f5539/ffffff.png?text=The%20Golden%20Myth&font=roboto,587,0
The Oracle of Ancient Egypt,"The Oracle of Ancient Egypt retells the timeless stories of ancient egypt, bringing familiar legends to life with fresh detail and narrative depth.",Linda Sutton,Mythology,https://placehold.co/400x600/7f5539/ffffff.png?text=The%20Oracle%20of%20Ancient%20Egypt&font=roboto,402,0
Legends of Ancient Greece,"Legends of Ancient Greece retells the timeless stories of ancient greece, bringing familiar legends to life with fresh detail and narrative depth.",David Ashford,Mythology,https://placehold.co/400x600/7f5539/ffffff.png?text=Legends%20of%20Ancient%20Greece&font=roboto,266,0
The Gods of Ancient Egypt,"The Gods of Ancient Egypt retells the timeless stories of ancient egypt, bringing familiar legends to life with fresh detail and narrative depth.",John Osei,Mythology,https://placehold.co/400x600/7f5539/ffffff.png?text=The%20Gods%20of%20Ancient%20Egypt&font=roboto,822,0
Sacred Pantheon,"Sacred Pantheon retells the timeless stories of the old world, bringing familiar legends to life with fresh detail and narrative depth.",Andrew Bennett,Mythology,https://placehold.co/400x600/7f5539/ffffff.png?text=Sacred%20Pantheon&font=roboto,861,0
Sacred Gods,"Sacred Gods retells the timeless stories of ancient egypt, bringing familiar legends to life with fresh detail and narrative depth.",Ronald Andersen,Mythology,https://placehold.co/400x600/7f5539/ffffff.png?text=Sacred%20Gods&font=roboto,548,0
The Fallen Myth,"The Fallen Myth retells the timeless stories of the norse realms, bringing familiar legends to life with fresh detail and narrative depth.",Amanda Iyer,Mythology,https://placehold.co/400x600/7f5539/ffffff.png?text=The%20Fallen%20Myth&font=roboto,663,0
The Pantheon of Ancient Egypt,"The Pantheon of Ancient Egypt retells the timeless stories of ancient egypt, bringing familiar legends to life with fresh detail and narrative depth.",Edward Marlow,Mythology,https://placehold.co/400x600/7f5539/ffffff.png?text=The%20Pantheon%20of%20Ancient%20Egypt&font=roboto,355,0
Fallen Heroes,"Fallen Heroes retells the timeless stories of ancient greece, bringing familiar legends to life with fresh detail and narrative depth.",Freya Pierce,Mythology,https://placehold.co/400x600/7f5539/ffffff.png?text=Fallen%20Heroes&font=roboto,443,0
The Legends of the Old World,"The Legends of the Old World retells the timeless stories of the old world, bringing familiar legends to life with fresh detail and narrative depth.",Donald O'Connell,Mythology,https://placehold.co/400x600/7f5539/ffffff.png?text=The%20Legends%20of%20the%20Old%20World&font=roboto,243,0
The Sacred Legends,"The Sacred Legends retells the timeless stories of ancient egypt, bringing familiar legends to life with fresh detail and narrative depth.",David Andersen,Mythology,https://placehold.co/400x600/7f5539/ffffff.png?text=The%20Sacred%20Legends&font=roboto,692,0
Eternal Titans,"Eternal Titans retells the timeless stories of ancient egypt, bringing familiar legends to life with fresh detail and narrative depth.",Elizabeth Ashford,Mythology,https://placehold.co/400x600/7f5539/ffffff.png?text=Eternal%20Titans&font=roboto,665,0
The Myth of Ancient Egypt,"The Myth of Ancient Egypt retells the timeless stories of ancient egypt, bringing familiar legends to life with fresh detail and narrative depth.",Betty Kensington,Mythology,https://placehold.co/400x600/7f5539/ffffff.png?text=The%20Myth%20of%20Ancient%20Egypt&font=roboto,560,0
Myth of the Norse Realms,"Myth of the Norse Realms retells the timeless stories of the norse realms, bringing familiar legends to life with fresh detail and narrative depth.",Mateo Pierce,Mythology,https://placehold.co/400x600/7f5539/ffffff.png?text=Myth%20of%20the%20Norse%20Realms&font=roboto,825,0
Divine Myth,"Divine Myth retells the timeless stories of the old world, bringing familiar legends to life with fresh detail and narrative depth.",Linda Nakamura,Mythology,https://placehold.co/400x600/7f5539/ffffff.png?text=Divine%20Myth&font=roboto,354,0
The Titans of the Norse Realms,"The Titans of the Norse Realms retells the timeless stories of the norse realms, bringing familiar legends to life with fresh detail and narrative depth.",Karen Ashford,Mythology,https://placehold.co/400x600/7f5539/ffffff.png?text=The%20Titans%20of%20the%20Norse%20Realms&font=roboto,594,0
Oracle of Ancient Egypt,"Oracle of Ancient Egypt retells the timeless stories of ancient egypt, bringing familiar legends to life with fresh detail and narrative depth.",Joshua Ellison,Mythology,https://placehold.co/400x600/7f5539/ffffff.png?text=Oracle%20of%20Ancient%20Egypt&font=roboto,411,0
Titans of Ancient Greece,"Titans of Ancient Greece retells the timeless stories of ancient greece, bringing familiar legends to life with fresh detail and narrative depth.",Karen Doyle,Mythology,https://placehold.co/400x600/7f5539/ffffff.png?text=Titans%20of%20Ancient%20Greece&font=roboto,177,0
Heroes of Ancient Egypt,"Heroes of Ancient Egypt retells the timeless stories of ancient egypt, bringing familiar legends to life with fresh detail and narrative depth.",Aditya Iyer,Mythology,https://placehold.co/400x600/7f5539/ffffff.png?text=Heroes%20of%20Ancient%20Egypt&font=roboto,722,0
Eternal Myth,"Eternal Myth retells the timeless stories of ancient greece, bringing familiar legends to life with fresh detail and narrative depth.",Betty Ellison,Mythology,https://placehold.co/400x600/7f5539/ffffff.png?text=Eternal%20Myth&font=roboto,428,0
Legends of Ancient Egypt,"Legends of Ancient Egypt retells the timeless stories of ancient egypt, bringing familiar legends to life with fresh detail and narrative depth.",Matthew Hayes,Mythology,https://placehold.co/400x600/7f5539/ffffff.png?text=Legends%20of%20Ancient%20Egypt&font=roboto,888,0
Golden Gods,"Golden Gods retells the timeless stories of ancient greece, bringing familiar legends to life with fresh detail and narrative depth.",William Callahan,Mythology,https://placehold.co/400x600/7f5539/ffffff.png?text=Golden%20Gods&font=roboto,765,0
Golden Myth,"Golden Myth retells the timeless stories of the norse realms, bringing familiar legends to life with fresh detail and narrative depth.",Steven Grant,Mythology,https://placehold.co/400x600/7f5539/ffffff.png?text=Golden%20Myth&font=roboto,733,0
The Forgotten Titans,"The Forgotten Titans retells the timeless stories of ancient egypt, bringing familiar legends to life with fresh detail and narrative depth.",Meera Kensington,Mythology,https://placehold.co/400x600/7f5539/ffffff.png?text=The%20Forgotten%20Titans&font=roboto,409,0
The Eternal Pantheon,"The Eternal Pantheon retells the timeless stories of ancient egypt, bringing familiar legends to life with fresh detail and narrative depth.",Joseph Callahan,Mythology,https://placehold.co/400x600/7f5539/ffffff.png?text=The%20Eternal%20Pantheon&font=roboto,707,0
The Titans of Ancient Egypt,"The Titans of Ancient Egypt retells the timeless stories of ancient egypt, bringing familiar legends to life with fresh detail and narrative depth.",Yuki Blackwood,Mythology,https://placehold.co/400x600/7f5539/ffffff.png?text=The%20Titans%20of%20Ancient%20Egypt&font=roboto,464,0
The Fallen Pantheon,"The Fallen Pantheon retells the timeless stories of ancient greece, bringing familiar legends to life with fresh detail and narrative depth.",Michael Sutton,Mythology,https://placehold.co/400x600/7f5539/ffffff.png?text=The%20Fallen%20Pantheon&font=roboto,408,0
The Sacred Heroes,"The Sacred Heroes retells the timeless stories of the norse realms, bringing familiar legends to life with fresh detail and narrative depth.",Meera Winters,Mythology,https://placehold.co/400x600/7f5539/ffffff.png?text=The%20Sacred%20Heroes&font=roboto,157,0
Divine Legends,"Divine Legends retells the timeless stories of ancient greece, bringing familiar legends to life with fresh detail and narrative depth.",Steven Ashford,Mythology,https://placehold.co/400x600/7f5539/ffffff.png?text=Divine%20Legends&font=roboto,364,0
The Golden Heroes,"The Golden Heroes retells the timeless stories of the old world, bringing familiar legends to life with fresh detail and narrative depth.",Yuki Kensington,Mythology,https://placehold.co/400x600/7f5539/ffffff.png?text=The%20Golden%20Heroes&font=roboto,489,0
The Eternal Titans,"The Eternal Titans retells the timeless stories of ancient egypt, bringing familiar legends to life with fresh detail and narrative depth.",Kevin Andersen,Mythology,https://placehold.co/400x600/7f5539/ffffff.png?text=The%20Eternal%20Titans&font=roboto,233,0
Golden Legends,"Golden Legends retells the timeless stories of the old world, bringing familiar legends to life with fresh detail and narrative depth.",Hiroshi Sinclair,Mythology,https://placehold.co/400x600/7f5539/ffffff.png?text=Golden%20Legends&font=roboto,415,0
Pantheon of Ancient Egypt,"Pantheon of Ancient Egypt retells the timeless stories of ancient egypt, bringing familiar legends to life with fresh detail and narrative depth.",Joshua Doyle,Mythology,https://placehold.co/400x600/7f5539/ffffff.png?text=Pantheon%20of%20Ancient%20Egypt&font=roboto,235,0
Ordinary Family,"Ordinary Family is a character-driven story set around an old house, quietly examining memory, connection, and the choices that shape ordinary lives.",Ronald Andersen,Fiction,https://placehold.co/400x600/463f3a/ffffff.png?text=Ordinary%20Family&font=roboto,378,0
The Quiet Silence,"The Quiet Silence is a character-driven story set around a fractured family, quietly examining memory, connection, and the choices that shape ordinary lives.",Barbara Osei,Fiction,https://placehold.co/400x600/463f3a/ffffff.png?text=The%20Quiet%20Silence&font=roboto,352,0
The Distance of a Fractured Family,"The Distance of a Fractured Family is a character-driven story set around a fractured family, quietly examining memory, connection, and the choices that shape ordinary lives.",Michael Hartley,Fiction,https://placehold.co/400x600/463f3a/ffffff.png?text=The%20Distance%20of%20a%20Fractured%20Family&font=roboto,781,0
Small Summer,"Small Summer is a character-driven story set around a fractured family, quietly examining memory, connection, and the choices that shape ordinary lives.",Barbara Blackwood,Fiction,https://placehold.co/400x600/463f3a/ffffff.png?text=Small%20Summer&font=roboto,323,0
The Quiet Return,"The Quiet Return is a character-driven story set around an old house, quietly examining memory, connection, and the choices that shape ordinary lives.",Divya Iyer,Fiction,https://placehold.co/400x600/463f3a/ffffff.png?text=The%20Quiet%20Return&font=roboto,270,0
Family of a Fractured Family,"Family of a Fractured Family is a character-driven story set around a fractured family, quietly examining memory, connection, and the choices that shape ordinary lives.",Andrew Redwood,Fiction,https://placehold.co/400x600/463f3a/ffffff.png?text=Family%20of%20a%20Fractured%20Family&font=roboto,655,0
Unspoken Letter,"Unspoken Letter is a character-driven story set around a fractured family, quietly examining memory, connection, and the choices that shape ordinary lives.",Margaret Redwood,Fiction,https://placehold.co/400x600/463f3a/ffffff.png?text=Unspoken%20Letter&font=roboto,893,0
Family of an Old House,"Family of an Old House is a character-driven story set around an old house, quietly examining memory, connection, and the choices that shape ordinary lives.",Charles Bennett,Fiction,https://placehold.co/400x600/463f3a/ffffff.png?text=Family%20of%20an%20Old%20House&font=roboto,446,0
The Silence of an Old House,"The Silence of an Old House is a character-driven story set around an old house, quietly examining memory, connection, and the choices that shape ordinary lives.",Ashley Blackwood,Fiction,https://placehold.co/400x600/463f3a/ffffff.png?text=The%20Silence%20of%20an%20Old%20House&font=roboto,745,0
Quiet House,"Quiet House is a character-driven story set around an old house, quietly examining memory, connection, and the choices that shape ordinary lives.",Sarah Callahan,Fiction,https://placehold.co/400x600/463f3a/ffffff.png?text=Quiet%20House&font=roboto,858,0
Familiar Family,"Familiar Family is a character-driven story set around an old house, quietly examining memory, connection, and the choices that shape ordinary lives.",Ananya Rossi,Fiction,https://placehold.co/400x600/463f3a/ffffff.png?text=Familiar%20Family&font=roboto,411,0
The Ordinary Family,"The Ordinary Family is a character-driven story set around an old house, quietly examining memory, connection, and the choices that shape ordinary lives.",Melissa Rossi,Fiction,https://placehold.co/400x600/463f3a/ffffff.png?text=The%20Ordinary%20Family&font=roboto,835,0
The Quiet Summer,"The Quiet Summer is a character-driven story set around an old house, quietly examining memory, connection, and the choices that shape ordinary lives.",Kenneth Hartley,Fiction,https://placehold.co/400x600/463f3a/ffffff.png?text=The%20Quiet%20Summer&font=roboto,836,0
The Silence of a Small Town,"The Silence of a Small Town is a character-driven story set around a small town, quietly examining memory, connection, and the choices that shape ordinary lives.",Matthew Harrow,Fiction,https://placehold.co/400x600/463f3a/ffffff.png?text=The%20Silence%20of%20a%20Small%20Town&font=roboto,322,0
Ordinary Letter,"Ordinary Letter is a character-driven story set around a fractured family, quietly examining memory, connection, and the choices that shape ordinary lives.",Barbara Callahan,Fiction,https://placehold.co/400x600/463f3a/ffffff.png?text=Ordinary%20Letter&font=roboto,876,0
Unspoken Summer,"Unspoken Summer is a character-driven story set around a small town, quietly examining memory, connection, and the choices that shape ordinary lives.",Kevin Hayes,Fiction,https://placehold.co/400x600/463f3a/ffffff.png?text=Unspoken%20Summer&font=roboto,279,0
Unfinished Distance,"Unfinished Distance is a character-driven story set around a single summer, quietly examining memory, connection, and the choices that shape ordinary lives.",Edward Marlow,Fiction,https://placehold.co/400x600/463f3a/ffffff.png?text=Unfinished%20Distance&font=roboto,438,0
The Distance of a Single Summer,"The Distance of a Single Summer is a character-driven story set around a single summer, quietly examining memory, connection, and the choices that shape ordinary lives.",Chiara Callahan,Fiction,https://placehold.co/400x600/463f3a/ffffff.png?text=The%20Distance%20of%20a%20Single%20Summer&font=roboto,595,0
Return of an Old House,"Return of an Old House is a character-driven story set around an old house, quietly examining memory, connection, and the choices that shape ordinary lives.",Karen Petrov,Fiction,https://placehold.co/400x600/463f3a/ffffff.png?text=Return%20of%20an%20Old%20House&font=roboto,822,0
Quiet Family,"Quiet Family is a character-driven story set around a fractured family, quietly examining memory, connection, and the choices that shape ordinary lives.",Michael Lockhart,Fiction,https://placehold.co/400x600/463f3a/ffffff.png?text=Quiet%20Family&font=roboto,336,0
The Distant Summer,"The Distant Summer is a character-driven story set around a fractured family, quietly examining memory, connection, and the choices that shape ordinary lives.",Aditya Marlow,Fiction,https://placehold.co/400x600/463f3a/ffffff.png?text=The%20Distant%20Summer&font=roboto,267,0
Distant Letter,"Distant Letter is a character-driven story set around a small town, quietly examining memory, connection, and the choices that shape ordinary lives.",Charles Grant,Fiction,https://placehold.co/400x600/463f3a/ffffff.png?text=Distant%20Letter&font=roboto,506,0
The Unspoken Distance,"The Unspoken Distance is a character-driven story set around a single summer, quietly examining memory, connection, and the choices that shape ordinary lives.",Lisa Ellison,Fiction,https://placehold.co/400x600/463f3a/ffffff.png?text=The%20Unspoken%20Distance&font=roboto,669,0
The Return of a Fractured Family,"The Return of a Fractured Family is a character-driven story set around a fractured family, quietly examining memory, connection, and the choices that shape ordinary lives.",James Nakamura,Fiction,https://placehold.co/400x600/463f3a/ffffff.png?text=The%20Return%20of%20a%20Fractured%20Family&font=roboto,733,0
House of a Fractured Family,"House of a Fractured Family is a character-driven story set around a fractured family, quietly examining memory, connection, and the choices that shape ordinary lives.",Mateo Bishop,Fiction,https://placehold.co/400x600/463f3a/ffffff.png?text=House%20of%20a%20Fractured%20Family&font=roboto,485,0
The Ordinary Return,"The Ordinary Return is a character-driven story set around a small town, quietly examining memory, connection, and the choices that shape ordinary lives.",Priya Blackwood,Fiction,https://placehold.co/400x600/463f3a/ffffff.png?text=The%20Ordinary%20Return&font=roboto,753,0
The Unfinished Summer,"The Unfinished Summer is a character-driven story set around a fractured family, quietly examining memory, connection, and the choices that shape ordinary lives.",Patricia Foster,Fiction,https://placehold.co/400x600/463f3a/ffffff.png?text=The%20Unfinished%20Summer&font=roboto,620,0
Distant Return,"Distant Return is a character-driven story set around a single summer, quietly examining memory, connection, and the choices that shape ordinary lives.",James Merrick,Fiction,https://placehold.co/400x600/463f3a/ffffff.png?text=Distant%20Return&font=roboto,193,0
Ordinary Return,"Ordinary Return is a character-driven story set around a fractured family, quietly examining memory, connection, and the choices that shape ordinary lives.",Margaret Morgan,Fiction,https://placehold.co/400x600/463f3a/ffffff.png?text=Ordinary%20Return&font=roboto,808,0
The Distance of a Small Town,"The Distance of a Small Town is a character-driven story set around a small town, quietly examining memory, connection, and the choices that shape ordinary lives.",Elizabeth Petrov,Fiction,https://placehold.co/400x600/463f3a/ffffff.png?text=The%20Distance%20of%20a%20Small%20Town&font=roboto,765,0
Distance of an Old House,"Distance of an Old House is a character-driven story set around an old house, quietly examining memory, connection, and the choices that shape ordinary lives.",Barbara Bennett,Fiction,https://placehold.co/400x600/463f3a/ffffff.png?text=Distance%20of%20an%20Old%20House&font=roboto,362,0
The Ordinary Letter,"The Ordinary Letter is a character-driven story set around an old house, quietly examining memory, connection, and the choices that shape ordinary lives.",Michelle Rossi,Fiction,https://placehold.co/400x600/463f3a/ffffff.png?text=The%20Ordinary%20Letter&font=roboto,283,0
The House of a Single Summer,"The House of a Single Summer is a character-driven story set around a single summer, quietly examining memory, connection, and the choices that shape ordinary lives.",Lucas Doyle,Fiction,https://placehold.co/400x600/463f3a/ffffff.png?text=The%20House%20of%20a%20Single%20Summer&font=roboto,650,0
Quiet Distance,"Quiet Distance is a character-driven story set around an old house, quietly examining memory, connection, and the choices that shape ordinary lives.",Deborah O'Connell,Fiction,https://placehold.co/400x600/463f3a/ffffff.png?text=Quiet%20Distance&font=roboto,339,0
Familiar Letter,"Familiar Letter is a character-driven story set around a small town, quietly examining memory, connection, and the choices that shape ordinary lives.",Jennifer Kapoor,Fiction,https://placehold.co/400x600/463f3a/ffffff.png?text=Familiar%20Letter&font=roboto,498,0
Small Return,"Small Return is a character-driven story set around a small town, quietly examining memory, connection, and the choices that shape ordinary lives.",Donna Osei,Fiction,https://placehold.co/400x600/463f3a/ffffff.png?text=Small%20Return&font=roboto,596,0
The Unfinished Letter,"The Unfinished Letter is a character-driven story set around a single summer, quietly examining memory, connection, and the choices that shape ordinary lives.",Karen Sinclair,Fiction,https://placehold.co/400x600/463f3a/ffffff.png?text=The%20Unfinished%20Letter&font=roboto,849,0
The Family of an Old House,"The Family of an Old House is a character-driven story set around an old house, quietly examining memory, connection, and the choices that shape ordinary lives.",Donna Andersen,Fiction,https://placehold.co/400x600/463f3a/ffffff.png?text=The%20Family%20of%20an%20Old%20House&font=roboto,197,0
Distant House,"Distant House is a character-driven story set around an old house, quietly examining memory, connection, and the choices that shape ordinary lives.",Paul Thorne,Fiction,https://placehold.co/400x600/463f3a/ffffff.png?text=Distant%20House&font=roboto,409,0
The Unfinished Silence,"The Unfinished Silence is a character-driven story set around a small town, quietly examining memory, connection, and the choices that shape ordinary lives.",Joseph Osei,Fiction,https://placehold.co/400x600/463f3a/ffffff.png?text=The%20Unfinished%20Silence&font=roboto,332,0
Letter of a Small Town,"Letter of a Small Town is a character-driven story set around a small town, quietly examining memory, connection, and the choices that shape ordinary lives.",William Kensington,Fiction,https://placehold.co/400x600/463f3a/ffffff.png?text=Letter%20of%20a%20Small%20Town&font=roboto,870,0
Small Distance,"Small Distance is a character-driven story set around a single summer, quietly examining memory, connection, and the choices that shape ordinary lives.",Amanda Marsh,Fiction,https://placehold.co/400x600/463f3a/ffffff.png?text=Small%20Distance&font=roboto,365,0
Return of a Single Summer,"Return of a Single Summer is a character-driven story set around a single summer, quietly examining memory, connection, and the choices that shape ordinary lives.",Susan Marlow,Fiction,https://placehold.co/400x600/463f3a/ffffff.png?text=Return%20of%20a%20Single%20Summer&font=roboto,696,0
The Quiet Letter,"The Quiet Letter is a character-driven story set around a small town, quietly examining memory, connection, and the choices that shape ordinary lives.",Mary Ellison,Fiction,https://placehold.co/400x600/463f3a/ffffff.png?text=The%20Quiet%20Letter&font=roboto,820,0
Ordinary Silence,"Ordinary Silence is a character-driven story set around a single summer, quietly examining memory, connection, and the choices that shape ordinary lives.",Priya Ashford,Fiction,https://placehold.co/400x600/463f3a/ffffff.png?text=Ordinary%20Silence&font=roboto,238,0
The Unfinished House,"The Unfinished House is a character-driven story set around a fractured family, quietly examining memory, connection, and the choices that shape ordinary lives.",Patricia Pierce,Fiction,https://placehold.co/400x600/463f3a/ffffff.png?text=The%20Unfinished%20House&font=roboto,641,0
Summer of an Old House,"Summer of an Old House is a character-driven story set around an old house, quietly examining memory, connection, and the choices that shape ordinary lives.",Charles Sharma,Fiction,https://placehold.co/400x600/463f3a/ffffff.png?text=Summer%20of%20an%20Old%20House&font=roboto,581,0
The Quiet Family,"The Quiet Family is a character-driven story set around a fractured family, quietly examining memory, connection, and the choices that shape ordinary lives.",Meera Iyer,Fiction,https://placehold.co/400x600/463f3a/ffffff.png?text=The%20Quiet%20Family&font=roboto,631,0
Silence of an Old House,"Silence of an Old House is a character-driven story set around an old house, quietly examining memory, connection, and the choices that shape ordinary lives.",Michael Merrick,Fiction,https://placehold.co/400x600/463f3a/ffffff.png?text=Silence%20of%20an%20Old%20House&font=roboto,157,0
The Familiar Distance,"The Familiar Distance is a character-driven story set around an old house, quietly examining memory, connection, and the choices that shape ordinary lives.",Rohan Iyer,Fiction,https://placehold.co/400x600/463f3a/ffffff.png?text=The%20Familiar%20Distance&font=roboto,741,0
The Letter of an Old House,"The Letter of an Old House is a character-driven story set around an old house, quietly examining memory, connection, and the choices that shape ordinary lives.",Elena Kapoor,Fiction,https://placehold.co/400x600/463f3a/ffffff.png?text=The%20Letter%20of%20an%20Old%20House&font=roboto,754,0
Unspoken Return,"Unspoken Return is a character-driven story set around a small town, quietly examining memory, connection, and the choices that shape ordinary lives.",Noah Bennett,Fiction,https://placehold.co/400x600/463f3a/ffffff.png?text=Unspoken%20Return&font=roboto,581,0
The Return of an Old House,"The Return of an Old House is a character-driven story set around an old house, quietly examining memory, connection, and the choices that shape ordinary lives.",Robert Ellison,Fiction,https://placehold.co/400x600/463f3a/ffffff.png?text=The%20Return%20of%20an%20Old%20House&font=roboto,443,0
Family of a Single Summer,"Family of a Single Summer is a character-driven story set around a single summer, quietly examining memory, connection, and the choices that shape ordinary lives.",Aditya Sinclair,Fiction,https://placehold.co/400x600/463f3a/ffffff.png?text=Family%20of%20a%20Single%20Summer&font=roboto,449,0
Distant Distance,"Distant Distance is a character-driven story set around a single summer, quietly examining memory, connection, and the choices that shape ordinary lives.",Yuki Ellison,Fiction,https://placehold.co/400x600/463f3a/ffffff.png?text=Distant%20Distance&font=roboto,785,0
Return of a Small Town,"Return of a Small Town is a character-driven story set around a small town, quietly examining memory, connection, and the choices that shape ordinary lives.",Hiroshi Sinclair,Fiction,https://placehold.co/400x600/463f3a/ffffff.png?text=Return%20of%20a%20Small%20Town&font=roboto,326,0
The Family of a Small Town,"The Family of a Small Town is a character-driven story set around a small town, quietly examining memory, connection, and the choices that shape ordinary lives.",Robert Thorne,Fiction,https://placehold.co/400x600/463f3a/ffffff.png?text=The%20Family%20of%20a%20Small%20Town&font=roboto,416,0
The Family of a Fractured Family,"The Family of a Fractured Family is a character-driven story set around a fractured family, quietly examining memory, connection, and the choices that shape ordinary lives.",Sofia Hayes,Fiction,https://placehold.co/400x600/463f3a/ffffff.png?text=The%20Family%20of%20a%20Fractured%20Family&font=roboto,214,0
The House of a Fractured Family,"The House of a Fractured Family is a character-driven story set around a fractured family, quietly examining memory, connection, and the choices that shape ordinary lives.",Jessica Petrov,Fiction,https://placehold.co/400x600/463f3a/ffffff.png?text=The%20House%20of%20a%20Fractured%20Family&font=roboto,378,0
Ordinary Summer,"Ordinary Summer is a character-driven story set around a single summer, quietly examining memory, connection, and the choices that shape ordinary lives.",Jennifer Petrov,Fiction,https://placehold.co/400x600/463f3a/ffffff.png?text=Ordinary%20Summer&font=roboto,422,0
The Distant Distance,"The Distant Distance is a character-driven story set around an old house, quietly examining memory, connection, and the choices that shape ordinary lives.",Joseph Bishop,Fiction,https://placehold.co/400x600/463f3a/ffffff.png?text=The%20Distant%20Distance&font=roboto,774,0
The Unspoken Return,"The Unspoken Return is a character-driven story set around a small town, quietly examining memory, connection, and the choices that shape ordinary lives.",Mark Blackwood,Fiction,https://placehold.co/400x600/463f3a/ffffff.png?text=The%20Unspoken%20Return&font=roboto,309,0
The Silence of a Fractured Family,"The Silence of a Fractured Family is a character-driven story set around a fractured family, quietly examining memory, connection, and the choices that shape ordinary lives.",William Vance,Fiction,https://placehold.co/400x600/463f3a/ffffff.png?text=The%20Silence%20of%20a%20Fractured%20Family&font=roboto,530,0
